id,PredictionString
00188a671292_study,
004bd59708be_study,
00508faccd39_study,
006486aa80b2_study,
00655178fdfc_study,
00a81e8f1051_study,
00be7de16711_study,
00c7a3928f0f_study,
00d63957bc3a_study,
0107f2d291d6_study,
0154653179fa_study,
015f89ec55ea_study,
0241bc13eac6_study,
025bfc117ff8_study,
028abd3504b6_study,
02ee3a9820eb_study,
0321bb7f84b5_study,
03e0a59d9b8a_study,
03fc9ec0dba8_study,
045783dbe7d1_study,
04c42f33c006_study,
04c4e92d40b8_study,
04d0f88f790a_study,
059007b73d82_study,
05ce6249b5c0_study,
05f22f0c2412_study,
061969abb8a5_study,
063ee1363644_study,
06d315ac12ff_study,
06fa49182629_study,
070d030a9ff7_study,
07467db0a5ae_study,
074763143b55_study,
07bac22f0a34_study,
080ea6634d62_study,
0816f9d3875e_study,
0838c0a2c424_study,
0843b8e9ca34_study,
0847751da0f7_study,
08cc9af3edf8_study,
096601e1340d_study,
098be79259d5_study,
0992f862466e_study,
0a50336ef885_study,
0ac42f524362_study,
0b1d3c1abed3_study,
0b1f60821d8f_study,
0b55f8263527_study,
0b6af2d5fa06_study,
0ba4b75a0784_study,
0bc43d526b5d_study,
0bdd39af9529_study,
0cca5e135833_study,
0d21581c34cf_study,
0d476d070d71_study,
0d7e69753505_study,
0d90fdee21da_study,
0dd6457640a2_study,
0e5a61d4ecaf_study,
0e6a7ad528a2_study,
0e72153af29d_study,
0e943735788f_study,
0ebc8d73fad5_study,
0ebcd444ab94_study,
0ec0901a5d45_study,
0ecd0d14d4f4_study,
0f6a24630aae_study,
0f78e4f5c662_study,
0fa7372c4120_study,
0fb12a40b091_study,
102b201f8074_study,
10450f9a0671_study,
106326aea184_study,
108d012276cd_study,
10e136a7def6_study,
10e407d29b98_study,
112fca0c27c7_study,
1150b14c8978_study,
11808a6c4ebc_study,
119e45ffb508_study,
1204a99587e8_study,
124796c05943_study,
12d16bfd378c_study,
12d71150e1c6_study,
12e91c6be34e_study,
134a29f5263d_study,
13dd8cf5ae88_study,
14072c7f2a75_study,
1432f644f41a_study,
1448dfb57548_study,
147a09511a1b_study,
148c96b41de4_study,
149c8d66e874_study,
14be2e12c7cf_study,
1517e9b8a9f3_study,
1595ac3e0da9_study,
15c748a291eb_study,
163abcbc5d4a_study,
164b05333dd6_study,
164de8fd99f3_study,
1655b1e7933e_study,
16924e50c674_study,
17562fa44338_study,
1777481e665f_study,
17ffbc3d2207_study,
1834c71c3ae8_study,
1846f85eefa1_study,
18acddb9abb7_study,
18b75ba2b7e9_study,
18c4af7e2309_study,
18c748563dad_study,
18d983a50a6c_study,
18ffa70a4a16_study,
191774101c9d_study,
19a13254e857_study,
19a57af80883_study,
19b12e65a279_study,
19b85f5e7b8c_study,
19b9a8cb7587_study,
19c66935e737_study,
1a066eb95115_study,
1a3ded50a43c_study,
1a59ea3cecd6_study,
1a77f709c788_study,
1a9c5c2f7e59_study,
1a9f44aee665_study,
1aa3bb040531_study,
1ae25872bc71_study,
1ae711bf2282_study,
1b11175dece3_study,
1b196a72b78e_study,
1b2461a133fe_study,
1b318f080b44_study,
1b59d0b0ce5e_study,
1b7084d11c83_study,
1b742fd5cbb8_study,
1ba7f3f733ef_study,
1bc28a510f3f_study,
1be8a02fd932_study,
1c57d288256c_study,
1c68665f6172_study,
1c716d133c0c_study,
1c9e697113ad_study,
1cc565a82e77_study,
1d1ad3db8061_study,
1d2ad8808b78_study,
1d35f2fd66d3_study,
1d3a22017cc8_study,
1d4a182c0628_study,
1d4d06e6949b_study,
1d54c8a15099_study,
1d7b78acc1ff_study,
1d8b4a15135f_study,
1dd2fb2d3f1e_study,
1de50b53d3ed_study,
1df9ecb29c1d_study,
1e3602b92e0e_study,
1e4038367823_study,
1ea213ae57bd_study,
1ebfe0b61513_study,
1ecac8a297f4_study,
1ee21b7aa650_study,
1ee9fcb22c59_study,
1f19df99fff0_study,
1f816ad2d311_study,
1facfeaad22f_study,
1fc194fcbdb4_study,
201cb653921c_study,
2020aec5ec84_study,
203e5f34c76c_study,
204153b77776_study,
2052c5acf159_study,
2099b41c14a9_study,
20d3b1fee58f_study,
20d832153c0e_study,
20ead06f3576_study,
21119216b217_study,
21367720ba0e_study,
215d5a459a13_study,
2169cfeca358_study,
21c33e128420_study,
21da4a896482_study,
221ee7b67fc0_study,
22c53dd77858_study,
22d153d9e949_study,
2326c314794c_study,
234254cd1e73_study,
23847f6a41a6_study,
240db28d224f_study,
241f7cd77858_study,
24295591e074_study,
243d12d1a64b_study,
243e05e85c45_study,
2478cdc439fa_study,
250c0435c86c_study,
2557cbfb0677_study,
2558bb1ba493_study,
2638265181c6_study,
26c724e30c27_study,
26f0f7350e8a_study,
272c8b46d39d_study,
27387026e831_study,
2767827cedc2_study,
279348dd03ec_study,
2800a1cd98b3_study,
28156ad1b4cc_study,
283a0639fb59_study,
286d4c0fe851_study,
290e8b4dcae6_study,
299e6030efab_study,
29c547a00bbb_study,
2a1a15f7fe7b_study,
2a337009e493_study,
2a72cf9ac79a_study,
2a8a7f025b25_study,
2ad7c6c0c11b_study,
2aedd31c2d4f_study,
2affce8b4145_study,
2b0e4071bd4a_study,
2b27117c51f8_study,
2b48f1114500_study,
2b53afb41e35_study,
2b8321bcf4b9_study,
2b8f261c9123_study,
2b998af7ca8b_study,
2b9ad8c6a010_study,
2be4b695bf05_study,
2c0138f0333f_study,
2c12e56b6ef5_study,
2c309f472123_study,
2c4e544780bd_study,
2c7ef4281f3e_study,
2ca4713ccd6d_study,
2cc5979920c6_study,
2cd7576844db_study,
2cfddd82d536_study,
2d2e8475f384_study,
2d5241612c2e_study,
2d61c98874b9_study,
2d673cbacf8e_study,
2d9814778fe6_study,
2de1b57b78a5_study,
2e3ae25addcc_study,
2e625aa9c04f_study,
2ea214f65500_study,
2eb19ca07152_study,
2ebd6459c760_study,
2ecc8e52fed2_study,
2f26247d5fa4_study,
2f45d8909a99_study,
2f6093195a01_study,
2f8d9f7afedb_study,
2f92655213ca_study,
2f9c9ca1ff98_study,
2fb11712bc93_study,
2fc50bf199cd_study,
2ffd833491b2_study,
302ff5bcbcf7_study,
30398bf8373c_study,
30ba38332bd6_study,
31126c3051c9_study,
313494ee0897_study,
315b599c0470_study,
3197b5b1d2bf_study,
31f14fb6667d_study,
32699739f719_study,
326cdf61e601_study,
32cd00648c62_study,
32d24b5596d7_study,
32d36978749c_study,
334a4202e414_study,
3379f980e291_study,
337f24b92040_study,
33cea11fd803_study,
33cfd515b130_study,
33df7cf3b609_study,
33e1be3d2bae_study,
342624fb2b11_study,
343d755d7ddd_study,
3456c012f2a8_study,
3459b9abab30_study,
34b78006dfce_study,
34cfefd606be_study,
34e297aea58b_study,
34fc8c6bbfae_study,
35036fa47dec_study,
354d14a98d15_study,
35a8a365b5cf_study,
35c3971dfdf2_study,
35c4922b2b72_study,
364b50a7e35a_study,
36623c43469f_study,
3674dc34094e_study,
36fabb793a4b_study,
373876fd24c8_study,
3745c672078c_study,
37b217b51279_study,
37b438e85030_study,
37e448215647_study,
37fc5147ab39_study,
3848b7af690f_study,
38dd9e92f0d0_study,
394e0e1481e9_study,
3997db0588ee_study,
39a02fb99c60_study,
3a02eb0ad5f0_study,
3a04a4cbbe0f_study,
3a1402e40308_study,
3aac75b8f284_study,
3af8cf394eaa_study,
3afd951b907a_study,
3b75f6371910_study,
3bc2eec8d9b6_study,
3bd22742cef2_study,
3bdfb239eeaa_study,
3be961dff18a_study,
3c17fa476f85_study,
3c214bbb0547_study,
3c46f027da8c_study,
3c4848aecb76_study,
3c5cb14e548f_study,
3c5de6b3939b_study,
3c7b3b27ae98_study,
3ca544da198b_study,
3d3ad20f3435_study,
3d9c9daa3178_study,
3da0dc1f68ed_study,
3e300ac96c98_study,
3e5052f6edc9_study,
3e5b5906bc1d_study,
3e5f0fae3649_study,
3e69bb4cfeb4_study,
3f0b1b5976e8_study,
3f3a09fedfba_study,
3f8d8daf5eda_study,
3fa81e73dcfd_study,
3fb4aafae1d0_study,
4019c1fe14bf_study,
4048c25c7ef0_study,
408679472ef6_study,
40af0e78e972_study,
411cfa759a2c_study,
41429b19d479_study,
416fb9b31385_study,
418be6346093_study,
420aecd56033_study,
423ee88658a0_study,
4252e9b23d04_study,
4269acadeebc_study,
42ad262ec9f1_study,
42bab681437d_study,
42d73bc891e1_study,
431ebffa3b24_study,
4349fdb4ea03_study,
436a560afe62_study,
439840f0770f_study,
43d60e93cbf3_study,
44115fd3174b_study,
442bd0085586_study,
444d139efc93_study,
449805191715_study,
4530b0ca0c8f_study,
45a75e62f53e_study,
45e65e76f35b_study,
4645169e41f1_study,
466f38a39d33_study,
4692315d67f9_study,
46f330e7df31_study,
47a9f63bf953_study,
47fcb7fc49b4_study,
482f2d224527_study,
4831aac65647_study,
48607ea71306_study,
4894244507de_study,
48d36324c0fc_study,
4916eadc694d_study,
492159ddba17_study,
49648f2a8c51_study,
4974db1937a3_study,
4996bf5117c7_study,
49b4180be546_study,
4a27dab6f704_study,
4a4334902cd0_study,
4a466be6275b_study,
4acb2c6bae62_study,
4ae05ce074ad_study,
4b4e09317bc8_study,
4c2813caa0fb_study,
4c7af4bdfbb2_study,
4c8a23708cf3_study,
4cb59fb01420_study,
4cbdd2d5ca8f_study,
4cc67741b7be_study,
4d10b356cb2b_study,
4d1347d7d63e_study,
4d5b70ca0c23_study,
4dee79301687_study,
4e4ee0341fab_study,
4ecd8728c643_study,
4ede1ea5de26_study,
4ee42fdc7d39_study,
4f2795c6c431_study,
4f3bd784d1bf_study,
4f693f6cf408_study,
4f9c9296104b_study,
4fa25a4ab48b_study,
4fdb1658707b_study,
500d963baa00_study,
504cf4d936de_study,
50501d03ea2a_study,
505b1f7bbbf4_study,
50a27d21b5c5_study,
51160c75a305_study,
513506120b3e_study,
514c5133572d_study,
51f1367f7d9c_study,
52466d50101e_study,
525e881d45da_study,
52950e68ba64_study,
529b4311adb6_study,
52e603bf575f_study,
531912276b32_study,
531aa20ff7c3_study,
53e7a0aa4022_study,
5461386157ed_study,
5462f84903c3_study,
5473b7261b97_study,
54ab1c9162d3_study,
54cea7959efa_study,
54dc0eb52a0a_study,
5527c97636a9_study,
5566d3f34fbb_study,
556ac9754637_study,
556ed339d8a7_study,
55f2e8f96a24_study,
55ffd8d1a60a_study,
56149fff7475_study,
562bda48ad02_study,
566a2983842a_study,
566ce9e55829_study,
56b339277951_study,
5702713aeac0_study,
57118f0c7115_study,
57195fc6fe41_study,
572fa8640acc_study,
5764dee0ac43_study,
579a4dfc64a2_study,
57b682c96f90_study,
57dad1ccc875_study,
57e2c6e368f2_study,
582f1d954423_study,
588f2c4a8983_study,
58d5f7145d50_study,
593c3f815635_study,
5956ba4a4433_study,
5965818fa0e7_study,
59834dbc2b91_study,
5990b940ec49_study,
5a74a91d9877_study,
5a7b49158f30_study,
5a9b482fce1f_study,
5acd25132041_study,
5ae19539344f_study,
5b42cb9ee77b_study,
5b4a49693706_study,
5be3004f3c87_study,
5bf4446c7cea_study,
5cb07dad2ba7_study,
5cd8e9cd57f4_study,
5cecf76081cc_study,
5d2582cd935e_study,
5d6a3bfece97_study,
5d71a4f40898_study,
5d9ff25b7960_study,
5dc5caf41360_study,
5de32bda4c7a_study,
5defaf7b006e_study,
5e656faf76ea_study,
5e729ae9ae3c_study,
5e99801f484c_study,
5ed4ac4c2302_study,
5f04f4c0fa68_study,
5f0e6a9f6f6d_study,
5f14606437b6_study,
5f46958edec1_study,
5f6bd96b250b_study,
5f8b1e975bdf_study,
5fec26943d57_study,
60a72f493074_study,
611415679b0b_study,
6117058c3931_study,
616f2fcba772_study,
61bc50228c92_study,
61cab278c091_study,
622f5b348f80_study,
62659a70b6d2_study,
6267862574f2_study,
62912425183c_study,
62a423696785_study,
635b0ef5b3b9_study,
635c78729d10_study,
6386d34fe45f_study,
63946400d861_study,
63ba2f6870f1_study,
64047404bb75_study,
64068f878d2b_study,
640e92dc7aa9_study,
644ae1050800_study,
64729a1c868e_study,
6475a5f7bd09_study,
6484393291ea_study,
6515b912dc6b_study,
655eaa76e116_study,
66300f02d92a_study,
665aa3146373_study,
6677129718eb_study,
667eb7504965_study,
66844043bb82_study,
66d364215c35_study,
677ad87244f5_study,
67b808cc8cfc_study,
67c5a09a1950_study,
68d002822185_study,
68d273e07961_study,
690a42c7eded_study,
694432509c27_study,
6951842a2430_study,
6958d88e7d72_study,
6958fb143029_study,
69fc686a4321_study,
6a7ebacd5830_study,
6ab8658d127c_study,
6b28f1d59cb3_study,
6b8a59647e54_study,
6b9a744fb067_study,
6ba2dee3517c_study,
6bbe6a05947d_study,
6bd8ee85ab15_study,
6c4b79292e1b_study,
6d9aa96e6350_study,
6da6b1e0a269_study,
6dc6d5660243_study,
6ddd518ee32b_study,
6deb9fe72007_study,
6decab09779c_study,
6e652d81f5bf_study,
6eab8786fa4a_study,
6ebb505c89f9_study,
6ed0d449ff97_study,
6ef0c3dad8c6_study,
6f5f6f99fb89_study,
6f6e6f503df9_study,
6fa6c83e0221_study,
6ffe46db6f5c_study,
703903704231_study,
705257ddc51b_study,
70a586a7a276_study,
70f5376d8dd1_study,
70f8ea19b10b_study,
711eadb00212_study,
716c5738a858_study,
719ffac176ee_study,
71beaaa0422e_study,
71dbb924fb5c_study,
7208d457bcc9_study,
723c9ea28d31_study,
728187b3e018_study,
72a889b778b2_study,
72e571a4dbcf_study,
73094e54f847_study,
7325a59e75b3_study,
735c7f97b72f_study,
737adbb5ee4d_study,
73e36d50744d_study,
74030b79b6ff_study,
74448343f85a_study,
749e75b3c993_study,
74a3c66551b6_study,
7516cd3f2680_study,
7518068f3699_study,
755a8831463d_study,
7568cb61374c_study,
7591c93cf38c_study,
75e3c04fed9f_study,
760466ddce29_study,
766c04246e24_study,
771e394e7e37_study,
778ca3c0e198_study,
77bea1a5baf9_study,
780517944267_study,
781c93fa2104_study,
78685ad6af53_study,
78e8b6f84907_study,
78ff750810bf_study,
790e1425ea5e_study,
793fc16d2eaa_study,
795051254905_study,
7981605927db_study,
798e11b2c8c2_study,
79ed25911104_study,
7a08c2cdd552_study,
7a2bbfb17503_study,
7a2e48a54953_study,
7a5665185f3c_study,
7a7cd9fa7f09_study,
7a7e66fc9b3c_study,
7ac22c3830e8_study,
7b2693269d7b_study,
7b5c31f2af6f_study,
7b99371b9ec4_study,
7bb87ec91b7d_study,
7c47d71d9141_study,
7c8ea185b141_study,
7cbd9aaac8ba_study,
7ce8a0052810_study,
7d2470b0005e_study,
7d5c6509f13b_study,
7d706788a91c_study,
7da6e56c18b7_study,
7dc1850a0f94_study,
7e1d636a24f0_study,
7e6845a52319_study,
7e8981a09016_study,
7ea66c84821e_study,
7ea6876bfa96_study,
7f188984feef_study,
7f3115e66c1e_study,
7f6449e6861c_study,
7ff9928af7f6_study,
8011f96848a6_study,
803976b68795_study,
8066c8d7cba7_study,
806a948c30bf_study,
809e196af923_study,
80a77c5dd48a_study,
80e1c35abd04_study,
8128f5692b12_study,
8137f72e23d2_study,
817c43aedcce_study,
81a119607e57_study,
81c860c6efe8_study,
81e6c9f2675c_study,
820df4b6ce93_study,
820f82abb614_study,
82441f0b61c4_study,
82453d7d1b90_study,
82686606c173_study,
827ce7be2a4e_study,
82a4d7f6ea1e_study,
82ec59c197d0_study,
8309732e6809_study,
830abea627fc_study,
83195705dd21_study,
8322b4b12bf2_study,
8334d5ebdfd0_study,
8353ed908a04_study,
835ff4bc9c2b_study,
83958be8c4b8_study,
839c08f4b18a_study,
83e34d429bd2_study,
83e89d87256b_study,
8452e137c3fb_study,
847b7a65658a_study,
84ade5a82135_study,
84f431dbdbd6_study,
852912afea0c_study,
855945ea39f1_study,
858b3a423bb3_study,
85d692693bc1_study,
85e02d7fac77_study,
8613aa92c09d_study,
865fedc5484d_study,
86619ada1b6d_study,
869b630384e5_study,
8723a0e3b9e8_study,
879a9c1601d7_study,
87d6e4b3d6af_study,
8822f2e6799c_study,
8997cc349054_study,
899e2e409330_study,
89d2d0f18347_study,
89ef92d3e02a_study,
8a2e5381a43c_study,
8a3b0b977e3d_study,
8a6902767de9_study,
8a6bce8f43ad_study,
8a73dc1a0bfd_study,
8a7c4530180a_study,
8a8bc32ca39d_study,
8ab03e394f4d_study,
8ad5ead9c761_study,
8b273337a684_study,
8b61bfc4c50f_study,
8b6e18ee2c40_study,
8c1fd7170061_study,
8c208e83154a_study,
8c294e104651_study,
8c6967991800_study,
8ca5a21b8bd5_study,
8ce2b4d54836_study,
8d1c64890229_study,
8d5e8712712d_study,
8db23065b351_study,
8deff6e2632d_study,
8e07907d854d_study,
8e1c060be66a_study,
8e22a69566b2_study,
8e639388fbce_study,
8e6bc9d87d7b_study,
8e90cf0a2220_study,
8e99c311c641_study,
8ead56410abf_study,
8ec580935d86_study,
8f15be256d40_study,
8f19b8e12bb6_study,
8f6df9fe9bae_study,
8f6e72825177_study,
8f8b690689ff_study,
8fa44f4e8eeb_study,
9004140ff428_study,
905fdf23cba2_study,
90ba8bbb45c4_study,
91091b14ff14_study,
9118eeb0ff4e_study,
913836f6e106_study,
91fd1001ca08_study,
9260839a059d_study,
92a0bb576754_study,
92d320a0719d_study,
92e806962d05_study,
93a2b6809c3b_study,
93b334bb7f73_study,
94571b6e07ff_study,
945c4c4bf174_study,
94637b260217_study,
94ab5762a56c_study,
94b9dfb7e357_study,
94fd8d61a3a2_study,
952b24144e0c_study,
956a8d5f7ab4_study,
95d14f2a3b9c_study,
95d39cd555f7_study,
95fc78daff79_study,
960176160f7f_study,
96401434c121_study,
9672b3805db6_study,
968d50203714_study,
96afb6a80094_study,
96b3ffe98dd0_study,
97c5d6eb413d_study,
9805f2073fe2_study,
983688dfdc6b_study,
9852d2660b69_study,
98603aec7e42_study,
98962ec0ac81_study,
99207112bd34_study,
994aa93b88d6_study,
9999ee344469_study,
99abcf5c94b9_study,
99b182a739fe_study,
99f4549a0ce7_study,
9a1a4fe68496_study,
9a2421d1e810_study,
9aae1d401336_study,
9b02e142b13f_study,
9b284d2b8e81_study,
9b2f1505d1ba_study,
9b74446eee7b_study,
9b8eca950609_study,
9bcfa30619cb_study,
9beb97e23a51_study,
9bfb252388d3_study,
9c15ad2a3f00_study,
9c7c9aa6b32e_study,
9cd49495a7ca_study,
9d88b7a41476_study,
9d9a9218f7df_study,
9e36f980af83_study,
9e4fbb2efbf9_study,
9e7cbbecfcda_study,
9eb632c3beb5_study,
9ec66102e783_study,
9fab41ffbc39_study,
9fd32ab29bfa_study,
a03006dd606d_study,
a09216d3b1fb_study,
a0b1e8cfd597_study,
a0b88a7bbda9_study,
a134c7f3e533_study,
a150ce575fd8_study,
a15e73c6df9f_study,
a167e3cfc945_study,
a1aa5f84e8df_study,
a1c32654a524_study,
a1d7141d8672_study,
a2335d0b5319_study,
a24ebf2b7a7b_study,
a28c3ca0b20d_study,
a30f9f093480_study,
a3277b063327_study,
a32b55f395fb_study,
a3489d5c2d26_study,
a375466fac0b_study,
a383dd18ad9b_study,
a39a5337c940_study,
a4798ae26b6e_study,
a49fa9f919e0_study,
a4d6e1d14076_study,
a4dec0e99eb8_study,
a4f8482aa131_study,
a5979058f5f9_study,
a5f2750581c1_study,
a5f572f88efc_study,
a60551308849_study,
a655f779bc10_study,
a6999828675a_study,
a6b745712821_study,
a6cd526c279a_study,
a707e083e349_study,
a73262c7ff37_study,
a73f225845e3_study,
a7526a74ab03_study,
a7fdeed27109_study,
a80006bd7d8f_study,
a80b17b9947b_study,
a82c2df28cbc_study,
a853ec3e7735_study,
a882dd5cb2de_study,
a8c159935334_study,
a8fe3043e449_study,
a91ca6e3bc53_study,
a9a0208dcbe3_study,
a9b90530258c_study,
a9c37909c52a_study,
a9d35b0f34af_study,
aa1013c021d7_study,
aa1570677120_study,
aac24f8be440_study,
aafc8126d5a1_study,
ab405aab1bf4_study,
ab44c2e2e8ab_study,
ab812073c00d_study,
abbd693aab76_study,
abf963944680_study,
ac0854e5cbf6_study,
ac5ce91c09e1_study,
ac96e9b9034d_study,
acc0ac018b57_study,
acc1e6bcca9a_study,
acc21b1fad3a_study,
accb45de0444_study,
ad0172d99745_study,
ad4d579a3eab_study,
ad61aee2f837_study,
ad6731c3a452_study,
ade239c090a7_study,
ae0ba9f54467_study,
ae2753d01a5d_study,
ae40389b1d61_study,
ae8fadd32d3e_study,
aeb371eab69a_study,
aeb50bd2a339_study,
af09deb4a6f7_study,
af12c30f7051_study,
af3baa41780a_study,
af619aba9623_study,
af8cc211df75_study,
b05b84f90ccf_study,
b07759d0c81c_study,
b0881924653b_study,
b0e3eb0ced34_study,
b11776be9437_study,
b12171726b36_study,
b12d2e5c39b7_study,
b16a2caa5a14_study,
b1b1ac90f30e_study,
b273193222c5_study,
b288b9700df7_study,
b2ae9049c886_study,
b2b95741c954_study,
b2ef21c21a69_study,
b378e3902756_study,
b382d866a3f4_study,
b4091ecc7f5d_study,
b43b067ad5fc_study,
b4436e4a91bc_study,
b4552ba03116_study,
b45b2ff7b925_study,
b4ed20f4c603_study,
b5052bc9081c_study,
b53b95b262c5_study,
b53ff1b3e45d_study,
b5649ea5d97e_study,
b59b6ffdecdc_study,
b5d64243c33e_study,
b5dc37ecfd1a_study,
b60089258936_study,
b61a3dba7e14_study,
b641f8bc6e83_study,
b647d5c8422e_study,
b64b5a8cec28_study,
b66d6c34498e_study,
b6deca486769_study,
b6ef87588b85_study,
b70e9d1f6548_study,
b7d09941c6c7_study,
b7e73e54a566_study,
b818f246a8ab_study,
b83eaac8a377_study,
b8a3899a2ddb_study,
b8abb3588261_study,
b8b849c98dfa_study,
b93bfa119338_study,
b93db355ba6a_study,
b948441f0c12_study,
b994bed5dd12_study,
b99e07512d7a_study,
b9aaac6a5ee8_study,
b9e6a216ca98_study,
b9e8350b5fb2_study,
b9e87bbcdf15_study,
b9fdedd4051e_study,
ba21fc21ec33_study,
ba2c87bf8de9_study,
ba477e03efc4_study,
ba54b6a4d83d_study,
ba66195d3d10_study,
bac4b1b19508_study,
baff0a97d334_study,
bb33957a9bd5_study,
bbbcb26b74be_study,
bc22d07c4f95_study,
bc2e72409e5f_study,
bc73883551cf_study,
bc76c0035143_study,
bc7a40fef51c_study,
bc8a085104af_study,
bc95acc5c308_study,
bc965b8e19f8_study,
bd2f3ba76d62_study,
bd70b1ab4fe0_study,
bd84b0b9598e_study,
be3bdfa28903_study,
be56a042b9b1_study,
be6f27a4528b_study,
be926eae5b48_study,
bea266e15217_study,
bea575481ef3_study,
becdc25d08c4_study,
becf878baece_study,
bf2de109e4be_study,
bf41375c6d47_study,
bfe0b7efdb2a_study,
c01a83bc7f7d_study,
c0924d22f592_study,
c09fa807d4d0_study,
c1161e21e98f_study,
c1d3c478d4c9_study,
c2472b630e54_study,
c268ee0b80e6_study,
c2f7a0a9e328_study,
c34508d810cb_study,
c38f6e4a8b57_study,
c39536795ca2_study,
c3cbb6e1ff0b_study,
c3d5485c6637_study,
c4359b917227_study,
c456c89aeeca_study,
c56b60a6c549_study,
c5ea13200bd6_study,
c66cd65fd2ec_study,
c6ce9fc03d44_study,
c714e99b4e36_study,
c725cff962b5_study,
c7270e362816_study,
c731d74015f8_study,
c7389760417a_study,
c7787a3cfb14_study,
c783118f9673_study,
c798ba1c69e1_study,
c7c4926465d5_study,
c803c01dfa08_study,
c82731b476d7_study,
c849770966c1_study,
c85581436d7c_study,
c87c82925501_study,
c8b7a0ae731e_study,
c8bd35fb64e1_study,
c9163fa32483_study,
c987fd114725_study,
ca20e0f1b5c9_study,
ca221d324958_study,
ca87ac7f7497_study,
caeeede7f74d_study,
cafa1dca9af7_study,
cbc5e2a2efac_study,
cc874d5c6431_study,
ccbd6814114b_study,
ccc80d9fd30f_study,
cd0664cef5a7_study,
cd1f0a0bd109_study,
cd98127bb203_study,
cddf3a089653_study,
ce1f49e49440_study,
ce2d48a26e5e_study,
ce3e55217552_study,
ced8fdaa9dba_study,
ceed10e91962_study,
cf57b6b204f8_study,
cf5f6f4b8cf5_study,
cfad493ac469_study,
d0059448cf97_study,
d025a0d95412_study,
d0914f314664_study,
d0934bcb74f1_study,
d0a22a0954f7_study,
d0b6342fc4c0_study,
d11b750bff94_study,
d11db59069df_study,
d128283294c9_study,
d16959ef2164_study,
d1a15a468593_study,
d1cbcb51e5ae_study,
d2f1eb1b0bc5_study,
d33c77a3df19_study,
d3818fbf4c36_study,
d3b7d7dc583b_study,
d3b82893b94e_study,
d3be4764ade5_study,
d3c53c4222e2_study,
d414d9603210_study,
d427c22b488d_study,
d460dc993ca7_study,
d477d68f839f_study,
d478ec4faf9d_study,
d47b71c4fcea_study,
d48708c36bd5_study,
d4c399afd466_study,
d50e06374ee8_study,
d50e37efdecd_study,
d542fb6a6c0a_study,
d566c844260f_study,
d6104076541a_study,
d6195f41dfbc_study,
d63229f78c7e_study,
d675f6d53f58_study,
d692c60e21ef_study,
d6ca5d0cc911_study,
d7f4e3e0681d_study,
d81ff6b98fea_study,
d84b500fb378_study,
d859c2fa0d50_study,
d85e078e410a_study,
d89e30d51e89_study,
d8cf28d0aa53_study,
d945e8dd9670_study,
d99a3d8578f8_study,
d9fd3c3feb5e_study,
da2f118facc6_study,
da352dfd1456_study,
da56f1cee61b_study,
da88fa8e989e_study,
dabd4c35f18f_study,
dad1fab5736c_study,
db4af70e370f_study,
db6241a6c470_study,
db629c44b07f_study,
dbc236093102_study,
dc0c112cd5c3_study,
dc307d4d5204_study,
dc953a56204f_study,
dccdfc539a8e_study,
dcf6503029e2_study,
dd097443ed15_study,
dd33c10f402b_study,
dd4b97e0a4ed_study,
dd6d8fdb8da0_study,
dde3f480600a_study,
ddf53d706c8e_study,
de4d8d3b1944_study,
dea84a337a80_study,
decfe4c0afa6_study,
def217a20092_study,
df4910ccf64b_study,
df9a0954caef_study,
dfa767f1395d_study,
e058e2a40a5f_study,
e0a30517364f_study,
e0b57c12175d_study,
e12356c87019_study,
e125f3618cb4_study,
e13c1f49c1fc_study,
e15b18e5370f_study,
e1e07acfa4f8_study,
e1fd75be3587_study,
e311763786b9_study,
e3129503fbc1_study,
e326c6e0c67d_study,
e3b205144584_study,
e3c0daf79960_study,
e42e21814d68_study,
e43ccd956545_study,
e43d15f662f9_study,
e457c0603507_study,
e45ae11bca4e_study,
e53d2d6ab600_study,
e5726ad872ec_study,
e5757dbb5303_study,
e5eb6f1abf7f_study,
e612de80f0f9_study,
e61fe43cdbd8_study,
e655a9293c63_study,
e66a31f2dce3_study,
e6b59e765c23_study,
e6e02ec8aff5_study,
e6ed3bdd8a48_study,
e7070a04cc4c_study,
e799f53d8348_study,
e7c1a6d76d48_study,
e89c29993812_study,
e8bdafa1240a_study,
e8d137c213a0_study,
e9e993a2786a_study,
ea2a62fbd279_study,
ea33449554a5_study,
ea8ed0380261_study,
eaa6cf8327b0_study,
eb70ae36e030_study,
ec584e5c219e_study,
ed257e125f16_study,
ed55cb404718_study,
ede8b619a446_study,
edfe1e3b1fb8_study,
ee7780677a6a_study,
ee860264dd8c_study,
ee9f48a701a6_study,
eea1e56576f5_study,
eea90eaf5391_study,
eeb3e6ba2c29_study,
ef3c5684ecae_study,
ef3e7a0c9ce4_study,
ef4b4ec56178_study,
ef7cd0715fbb_study,
ef93153d87b2_study,
efc58b7cfb19_study,
eff3315137e1_study,
eff9e575ad15_study,
f016d6bdebc1_study,
f0883d979bdd_study,
f0a380548c76_study,
f0a3f409468a_study,
f146eb3c25c2_study,
f1be3cad11ef_study,
f221f9f21445_study,
f25cc47c3a0f_study,
f29dcebea115_study,
f2d6f31dc5a6_study,
f3836378efa0_study,
f39b840d4e6f_study,
f3d5844aab79_study,
f3e357df078b_study,
f3f82683fcbc_study,
f40497be74df_study,
f41885c32732_study,
f4dd822aa759_study,
f5b981349e98_study,
f5d4e4e1c82f_study,
f601f8c9018c_study,
f60630ffc310_study,
f66894c11824_study,
f6b80b77d753_study,
f6bccef80118_study,
f6de79c7f029_study,
f71b52604902_study,
f76a41789560_study,
f78027b5a34e_study,
f78df9f25143_study,
f791fa30274e_study,
f7bc207ff087_study,
f7d3c8acc574_study,
f7ddfea36bf0_study,
f800558e2d67_study,
f85b5d51e41d_study,
f884821859a6_study,
f8dbe97a5542_study,
f928ae474f7e_study,
f9e2dae3b0d1_study,
faabf68ffc99_study,
faaf340d46dc_study,
faafe8fa3030_study,
fae0a3a751a8_study,
fb61db93b8da_study,
fb6a6174b4cc_study,
fb97c8dfe8e4_study,
fbef288cd370_study,
fbfbc8c07230_study,
fc6054ce5985_study,
fd15cbd7cced_study,
fd193f9220cb_study,
fd28c9e4074c_study,
fd551460e2e4_study,
fd90119fe61b_study,
fd998ce80eb6_study,
fdad33449860_study,
fe3fa13c059c_study,
fe48f2bc28b4_study,
fe64182ae21d_study,
fef37647517b_study,
ff185ce05a5d_study,
ff1ba0e9aaf0_study,
ff2cc4de58c5_study,
ff2f0a744930_study,
ff88940dce8b_study,
fff7ef24961f_study,
557a70442928_image,none 0.9052435100078582 0 0 1 1
36141cda67ad_image,none 0.8317455828189849 0 0 1 1
2413a23a5477_image,none 0.2050824254751205 0 0 1 1
c263b1e9aa64_image,none 0.2761092022061348 0 0 1 1
4fe0444d7fc5_image,none 0.3946428090333938 0 0 1 1
1ff307ae0df6_image,none 0.6993120074272154 0 0 1 1
b5e287db5781_image,none 0.6383006572723389 0 0 1 1
07c552c36da3_image,none 0.8974177241325378 0 0 1 1
c26e3ae08056_image,none 0.9032307863235474 0 0 1 1
4eb9a8ab1559_image,none 0.9544945001602172 0 0 1 1
afd960320c38_image,none 0.1579514041543007 0 0 1 1
66d812201e73_image,none 0.8878852546215057 0 0 1 1
864372de3df3_image,none 0.6954727888107299 0 0 1 1
95381cfcbf0c_image,none 0.9677466928958892 0 0 1 1
9cbc2fd041a7_image,none 0.29917150884866717 0 0 1 1
4d105a99d866_image,none 0.8890923619270324 0 0 1 1
1863b31637f6_image,none 0.2349447205662727 0 0 1 1
e88f293bc83a_image,none 0.31521229445934296 0 0 1 1
55ea6ce07bdd_image,none 0.3401743620634079 0 0 1 1
cdc508b061fa_image,none 0.5718972980976105 0 0 1 1
81646eb45af3_image,none 0.312411493062973 0 0 1 1
afce260dc959_image,none 0.17220586240291594 0 0 1 1
e71a18669122_image,none 0.6509867072105407 0 0 1 1
5dfad16f8d65_image,none 0.18314842581748964 0 0 1 1
0cea7e93db89_image,none 0.3261165678501129 0 0 1 1
68b95eed58ed_image,none 0.7909270942211151 0 0 1 1
5058f3b157e3_image,none 0.8243665933609008 0 0 1 1
f1b95b972b74_image,none 0.9644973695278167 0 0 1 1
f504d269be24_image,none 0.24489460587501524 0 0 1 1
e00b7784d1eb_image,none 0.5658704221248627 0 0 1 1
ea7909e782fe_image,none 0.4223597139120102 0 0 1 1
c836922a723b_image,none 0.431454136967659 0 0 1 1
aaef254ce2b3_image,none 0.7795418858528136 0 0 1 1
9bee9808a9d4_image,none 0.3055549725890159 0 0 1 1
abedbc04a891_image,none 0.9952366769313812 0 0 1 1
b08f26e45762_image,none 0.2060251772403717 0 0 1 1
7e2e014e1656_image,none 0.9189452171325683 0 0 1 1
9188ac2c54fe_image,none 0.5589722871780396 0 0 1 1
c02ef6a70c7e_image,none 0.4706879377365112 0 0 1 1
825dd8f7aca2_image,none 0.6249943196773529 0 0 1 1
65a02e95292e_image,none 0.7277684867382049 0 0 1 1
9f1c1a909d7f_image,none 0.8115077614784241 0 0 1 1
445298de90b9_image,none 0.13475268706679341 0 0 1 1
2b7e9cf46376_image,none 0.20490067452192307 0 0 1 1
08bbffaafbe7_image,none 0.3635116040706634 0 0 1 1
41251dd79bb3_image,none 0.5965973854064941 0 0 1 1
1359178e428a_image,none 0.5569826185703277 0 0 1 1
1a1722362e19_image,none 0.37616486549377437 0 0 1 1
2d58009c5ade_image,none 0.5382555782794952 0 0 1 1
7f4b304253ac_image,none 0.2902639731764793 0 0 1 1
d3270449d5c5_image,none 0.33322347849607464 0 0 1 1
4eecfe2a4de1_image,none 0.927112066745758 0 0 1 1
36b323299f7e_image,none 0.6793905854225158 0 0 1 1
78ff4d296adf_image,none 0.9569867014884949 0 0 1 1
4041be34745f_image,none 0.5760814607143402 0 0 1 1
e78f51cdf0b8_image,none 0.5715945869684219 0 0 1 1
ea5341f767eb_image,none 0.9623208224773406 0 0 1 1
aeaa44932cdd_image,none 0.4193337202072143 0 0 1 1
ea79274e2bfd_image,none 0.7647678196430205 0 0 1 1
6610e4632963_image,none 0.5662580192089081 0 0 1 1
ba91d37ee459_image,none 0.26893588453531264 0 0 1 1
e3a4dddc69b6_image,none 0.9652675569057465 0 0 1 1
ab97e736a971_image,none 0.5286962151527405 0 0 1 1
b56f4eda9cea_image,none 0.8270160615444182 0 0 1 1
317df13caea9_image,none 0.17956095486879348 0 0 1 1
c24b6850df7d_image,none 0.9452676236629485 0 0 1 1
aa6c8c46a05f_image,none 0.24392734467983243 0 0 1 1
fa29fd163597_image,none 0.6643563747406005 0 0 1 1
d7cb763ec2b1_image,none 0.7278887331485748 0 0 1 1
fdbaf93d6c5b_image,none 0.6054254531860351 0 0 1 1
f17999420b3f_image,none 0.7462990939617156 0 0 1 1
99b475d1d2ec_image,none 0.20593840479850767 0 0 1 1
c28570a073d9_image,none 0.17011858224868776 0 0 1 1
d1912847d707_image,none 0.35591423809528344 0 0 1 1
59d238641bee_image,none 0.8898588955402373 0 0 1 1
ab46f325ad85_image,none 0.8579590499401092 0 0 1 1
c3deaf98bf56_image,none 0.33306710124015804 0 0 1 1
97324905f48f_image,none 0.4784776508808136 0 0 1 1
d438ffd35a00_image,none 0.211712796986103 0 0 1 1
9e63fbef3c21_image,none 0.5656099379062652 0 0 1 1
eea4c86f42d5_image,none 0.8565220415592193 0 0 1 1
966b86658ed3_image,none 0.43871148824691775 0 0 1 1
240bf89e4d58_image,none 0.4335135221481323 0 0 1 1
6aedc81fb62d_image,none 0.5398841202259064 0 0 1 1
11d59a5488ed_image,none 0.9856850504875183 0 0 1 1
d7e440b4dc62_image,none 0.9848805904388427 0 0 1 1
91faf22d3721_image,none 0.8869747996330261 0 0 1 1
d832414be226_image,none 0.7744328796863555 0 0 1 1
87a0829f53c1_image,none 0.31876513361930847 0 0 1 1
2910a7781437_image,none 0.36818098723888393 0 0 1 1
179291642620_image,none 0.14378764331340788 0 0 1 1
1e7429ce2e06_image,none 0.195989154279232 0 0 1 1
06df1e2fde68_image,none 0.3029515832662582 0 0 1 1
efd8a04416af_image,none 0.9364921629428864 0 0 1 1
b411d3c30168_image,none 0.9834092199802398 0 0 1 1
88782677cbec_image,none 0.2991508901119232 0 0 1 1
e32589cd4421_image,none 0.3052840277552604 0 0 1 1
ea39ebfacca2_image,none 0.9897192955017089 0 0 1 1
e5c56ef2d194_image,none 0.21071823090314865 0 0 1 1
2dbd5f171a0f_image,none 0.514089897274971 0 0 1 1
e427d54f3926_image,none 0.853384655714035 0 0 1 1
ab471797d0a8_image,none 0.7840652465820312 0 0 1 1
a9330037dce2_image,none 0.5027454853057861 0 0 1 1
7bf91ffc125c_image,none 0.5521208822727203 0 0 1 1
19b0d2d65a38_image,none 0.37246430218219756 0 0 1 1
51a0100c5921_image,none 0.6663803815841675 0 0 1 1
7a09311ec3fa_image,none 0.8681972265243529 0 0 1 1
9ad80e79362f_image,none 0.9811025083065033 0 0 1 1
81bae2b0c027_image,none 0.4742934137582779 0 0 1 1
a9035a2d34f2_image,none 0.3019339770078659 0 0 1 1
b0e7fab418bc_image,none 0.2360859155654907 0 0 1 1
9b0ab5582681_image,none 0.5619154214859008 0 0 1 1
926aeec260b1_image,none 0.26638229638338085 0 0 1 1
586b00a19a17_image,none 0.740432173013687 0 0 1 1
bbbd7ab57e75_image,none 0.7468712270259856 0 0 1 1
0418a303883e_image,none 0.9953664064407348 0 0 1 1
885136bc24c1_image,none 0.974881112575531 0 0 1 1
f038e6d16303_image,none 0.9601409733295441 0 0 1 1
155f5e326d5e_image,none 0.20989491641521452 0 0 1 1
305870c916a4_image,none 0.21716534197330473 0 0 1 1
a43e755ee84f_image,none 0.9659849286079406 0 0 1 1
c13357e59083_image,none 0.8468978583812713 0 0 1 1
2b9cfe857b00_image,none 0.2665987938642501 0 0 1 1
d6bfc693ebd0_image,none 0.9581933617591858 0 0 1 1
7b5d82423dec_image,none 0.7970206916332245 0 0 1 1
38b2e04ea601_image,none 0.8544624507427215 0 0 1 1
94573ab529f3_image,none 0.7837152600288391 0 0 1 1
536da2d8df21_image,none 0.3357932388782501 0 0 1 1
516d9b3ee48c_image,none 0.3983086675405502 0 0 1 1
f2eaa573742f_image,none 0.6234071314334869 0 0 1 1
cb26c1aef6fb_image,none 0.9118106722831726 0 0 1 1
e0daaf8d36a4_image,none 0.179210664331913 0 0 1 1
50de91c4297d_image,none 0.19455875009298323 0 0 1 1
55ecad406759_image,none 0.2266927123069763 0 0 1 1
f5b45b497add_image,none 0.16254808604717252 0 0 1 1
c6c9bf98487a_image,none 0.36966513097286224 0 0 1 1
180a5ea482c5_image,none 0.18321427851915356 0 0 1 1
661343e25b55_image,none 0.1645684689283371 0 0 1 1
89015a2258aa_image,none 0.2527035355567932 0 0 1 1
b04178e642ed_image,none 0.11698434203863142 0 0 1 1
16972e92e827_image,none 0.9101467788219452 0 0 1 1
39756fea8654_image,none 0.5181074529886246 0 0 1 1
4c3ca06916a1_image,none 0.832286512851715 0 0 1 1
2663588e7048_image,none 0.7926347374916076 0 0 1 1
c1de38ec41d6_image,none 0.47879619896411896 0 0 1 1
61884a13a399_image,none 0.2573376685380936 0 0 1 1
ba4b17aaafc2_image,none 0.27375080138444896 0 0 1 1
c010822b2938_image,none 0.3895515918731689 0 0 1 1
6f9d2683e93e_image,none 0.8121660113334656 0 0 1 1
cb3eb8d1abd3_image,none 0.8836108982563018 0 0 1 1
1c8df7067e35_image,none 0.3579798817634582 0 0 1 1
51aedbecbf46_image,none 0.8115275025367736 0 0 1 1
90fa4db1ab87_image,none 0.16811677291989324 0 0 1 1
db9ea9c5067e_image,none 0.20926105678081514 0 0 1 1
4ea555b6e2a8_image,none 0.7483768463134766 0 0 1 1
0c2ad4c7a6c4_image,none 0.8957398533821106 0 0 1 1
b9ebfc00c1b5_image,none 0.3145371451973915 0 0 1 1
ab276c041ef9_image,none 0.7098635733127593 0 0 1 1
eb6cabb0b9f2_image,none 0.3183682441711425 0 0 1 1
14658311d76e_image,none 0.5017450302839279 0 0 1 1
57d169dabba7_image,none 0.5690949440002441 0 0 1 1
9a526c2b4891_image,none 0.8690373718738555 0 0 1 1
4040afec3ee4_image,none 0.28147218376398087 0 0 1 1
942313ae4303_image,none 0.29687297791242595 0 0 1 1
ad3e33d5f844_image,none 0.4791288256645202 0 0 1 1
5020cd97beb8_image,none 0.31747300922870636 0 0 1 1
9ad1e1a0f97d_image,none 0.4825136095285415 0 0 1 1
927bd54fd2dd_image,none 0.2606956988573074 0 0 1 1
697a674d44e0_image,none 0.23231034129858014 0 0 1 1
d021e4e09628_image,none 0.2379847928881645 0 0 1 1
1b282faf0f42_image,none 0.3776308760046959 0 0 1 1
ff88ed1df29b_image,none 0.8766868293285369 0 0 1 1
d0c7ebd93e70_image,none 0.8485028624534606 0 0 1 1
1c1c48cb66e4_image,none 0.5274759352207183 0 0 1 1
b5b00763a191_image,none 0.4690328657627105 0 0 1 1
700b4524a9cf_image,none 0.9584141850471496 0 0 1 1
181a2a300bb8_image,none 0.3022790342569351 0 0 1 1
0562436fde50_image,none 0.2608886301517486 0 0 1 1
550a6a9ee91e_image,none 0.6553921222686767 0 0 1 1
1d981fb423e0_image,none 0.7457861423492431 0 0 1 1
e9783e91ed84_image,none 0.3890771269798278 0 0 1 1
c5c3fab94f6f_image,none 0.946890652179718 0 0 1 1
9e78e0ae2f3e_image,none 0.3626146912574768 0 0 1 1
049fce8128f9_image,none 0.2621704876422882 0 0 1 1
833fc5c718dd_image,none 0.1424378365278244 0 0 1 1
c61fe263d5e3_image,none 0.2864984303712845 0 0 1 1
962e120703d1_image,none 0.9819439530372619 0 0 1 1
6e13fdb97952_image,none 0.8319613099098204 0 0 1 1
ae357fad39c2_image,none 0.29950662776827813 0 0 1 1
a9d318c0b89e_image,none 0.16735863313078878 0 0 1 1
2250e31a4999_image,none 0.25050526261329653 0 0 1 1
f34e1aaea8a0_image,none 0.7642574787139892 0 0 1 1
87d8baf120a6_image,none 0.41578255593776703 0 0 1 1
476dec5c36e1_image,none 0.4214918553829193 0 0 1 1
87c51db67bf7_image,none 0.19825717061758039 0 0 1 1
afe360acb63b_image,none 0.2157070055603981 0 0 1 1
ad7c68b8f111_image,none 0.773497712612152 0 0 1 1
c440ed025b38_image,none 0.9173677563667297 0 0 1 1
52f02af216bb_image,none 0.42219365835189815 0 0 1 1
26f2478e3e85_image,none 0.8573891460895537 0 0 1 1
e3cd1fdf2444_image,none 0.99137744307518 0 0 1 1
fec0249d70e4_image,none 0.550308009982109 0 0 1 1
237aafc42d57_image,none 0.8235949993133544 0 0 1 1
7f49e2face0c_image,none 0.2119234964251518 0 0 1 1
3d623665afd7_image,none 0.9650654852390289 0 0 1 1
32b23b347bb0_image,none 0.9520032286643981 0 0 1 1
1eb558739c44_image,none 0.3708650410175323 0 0 1 1
aad5bc70a20e_image,none 0.45080503225326535 0 0 1 1
32ecb7330e19_image,none 0.36100939512252805 0 0 1 1
c5b3475f3ea5_image,none 0.6808635532855988 0 0 1 1
576cbe3e3680_image,none 0.45661575794219966 0 0 1 1
3f133fac447c_image,none 0.6052798211574554 0 0 1 1
65be7fc2448a_image,none 0.27874792367219925 0 0 1 1
b1b46fa2505e_image,none 0.3030103027820587 0 0 1 1
154b6a49ff75_image,none 0.9393026113510132 0 0 1 1
5ee582e2463a_image,none 0.20333431512117384 0 0 1 1
2857f0e19e09_image,none 0.1757286727428436 0 0 1 1
c1bb54cfe02f_image,none 0.4867202550172805 0 0 1 1
e002731bb6cb_image,none 0.7730047404766082 0 0 1 1
c3c99fea8c77_image,none 0.3018168807029724 0 0 1 1
94cb9518e355_image,none 0.9426476299762725 0 0 1 1
4ffdca4189d5_image,none 0.5072424232959747 0 0 1 1
fbf41ac72bdb_image,none 0.7034358143806456 0 0 1 1
2686959fb3a5_image,none 0.6717222452163696 0 0 1 1
9114c5437cfb_image,none 0.32999207377433776 0 0 1 1
34834851ec56_image,none 0.15837970376014707 0 0 1 1
cf0007295ff6_image,none 0.3977530717849731 0 0 1 1
18a23df4fe99_image,none 0.6638229846954345 0 0 1 1
f35d7c728684_image,none 0.3403475522994995 0 0 1 1
0cc69a8f538c_image,none 0.17703792527318 0 0 1 1
3fe73d3b28b9_image,none 0.7821453273296356 0 0 1 1
394892cb8a63_image,none 0.5053021073341369 0 0 1 1
78d62cb36b01_image,none 0.9536126852035522 0 0 1 1
45a57e934e94_image,none 0.9275996446609496 0 0 1 1
ae001742d48b_image,none 0.9193829298019408 0 0 1 1
553cc2a7b556_image,none 0.30433272421360014 0 0 1 1
9677eff4374d_image,none 0.7283884823322295 0 0 1 1
eb793f1aa7a1_image,none 0.27819515913724896 0 0 1 1
09b64291b1b9_image,none 0.8221947133541107 0 0 1 1
7934201faebb_image,none 0.9108721554279327 0 0 1 1
24ef59e133f6_image,none 0.29313789308071136 0 0 1 1
4eb36901f082_image,none 0.3644941061735153 0 0 1 1
0d4ba5dc4a24_image,none 0.9188276648521423 0 0 1 1
ee2b112cdd91_image,none 0.6798868864774703 0 0 1 1
10d3c965a5b4_image,none 0.44715827107429507 0 0 1 1
2be1c227dbf2_image,none 0.29322999715805054 0 0 1 1
adc2ac4726e2_image,none 0.9544054508209228 0 0 1 1
3b9fc021b611_image,none 0.533456563949585 0 0 1 1
26fa9834387e_image,none 0.4772250980138778 0 0 1 1
3d465a00a9b6_image,none 0.5121051490306854 0 0 1 1
bab3c8aa789b_image,none 0.27603687494993207 0 0 1 1
98fbac3667c9_image,none 0.8849364399909972 0 0 1 1
fed3a460884c_image,none 0.6191955804824829 0 0 1 1
8d6d32d0822e_image,none 0.16131581515073773 0 0 1 1
0ed283a366dc_image,none 0.8869589626789092 0 0 1 1
09a38ab5a5bd_image,none 0.9793549358844758 0 0 1 1
89f860cec129_image,none 0.938089245557785 0 0 1 1
a4c570b129c3_image,none 0.1977259263396263 0 0 1 1
720a67515500_image,none 0.1977468654513359 0 0 1 1
f7cbc735f105_image,none 0.6286090731620788 0 0 1 1
1308d8906c2e_image,none 0.5136619120836258 0 0 1 1
32b211904f5b_image,none 0.20727296769618986 0 0 1 1
b246eb99760f_image,none 0.17511593401432035 0 0 1 1
93be428f5dcf_image,none 0.24490915089845655 0 0 1 1
5b8ee5baa1d5_image,none 0.8091674923896789 0 0 1 1
5472531dd991_image,none 0.8674212992191314 0 0 1 1
cbb693ad2012_image,none 0.16667623519897462 0 0 1 1
7b2ccb25396a_image,none 0.49807713031768797 0 0 1 1
0f813cc26e33_image,none 0.9414119601249694 0 0 1 1
23fd057dce2b_image,none 0.4479243516921997 0 0 1 1
cdfdbadb85c1_image,none 0.18970435857772824 0 0 1 1
366e7eb393e5_image,none 0.7471118330955505 0 0 1 1
c39146cbda47_image,none 0.17234862148761748 0 0 1 1
0c8af80ba8cb_image,none 0.5528099179267882 0 0 1 1
d519913779f2_image,none 0.7234468281269073 0 0 1 1
acc80ec7e327_image,none 0.8401545226573943 0 0 1 1
5ba33931fc64_image,none 0.8223583996295929 0 0 1 1
e47df1ad9ccf_image,none 0.2970971927046776 0 0 1 1
11ef0d77a9c9_image,none 0.5953875482082367 0 0 1 1
3b4e41cb8212_image,none 0.6027500987052917 0 0 1 1
01f948f8e544_image,none 0.9290761947631835 0 0 1 1
1c13336fc8a9_image,none 0.19168362766504288 0 0 1 1
0821e77a60ed_image,none 0.37639520764350887 0 0 1 1
87c38eda11ed_image,none 0.8643143355846404 0 0 1 1
a91b4b59c145_image,none 0.3333821386098862 0 0 1 1
3bacdbd6ce10_image,none 0.8858007788658141 0 0 1 1
293014c67757_image,none 0.728637284040451 0 0 1 1
e987cb5ca98b_image,none 0.8278980016708374 0 0 1 1
d4afc9da3448_image,none 0.49932231605052946 0 0 1 1
6af96c8a94c9_image,none 0.56935276389122 0 0 1 1
5163e54f5fc1_image,none 0.9910022020339965 0 0 1 1
fd7f440d5444_image,none 0.1838888883590698 0 0 1 1
16a0d37747d7_image,none 0.16442786306142806 0 0 1 1
d42b21e5f6cd_image,none 0.4532161027193069 0 0 1 1
2dad900da56f_image,none 0.4471819072961807 0 0 1 1
98bab257d89b_image,none 0.33314899206161497 0 0 1 1
6c0e9f010b2b_image,none 0.2759274289011955 0 0 1 1
f7036442740b_image,none 0.7207761168479919 0 0 1 1
e53c7af3541a_image,none 0.4830802887678146 0 0 1 1
b168e230f3f5_image,none 0.8528499722480773 0 0 1 1
804538984842_image,none 0.2426237389445305 0 0 1 1
bdd60ba8638e_image,none 0.6902534186840057 0 0 1 1
1bc8687f938e_image,none 0.3130477547645569 0 0 1 1
7984338fa964_image,none 0.14680669754743575 0 0 1 1
36be4f943382_image,none 0.4865094810724258 0 0 1 1
261b3d1adfe4_image,none 0.39119783043861384 0 0 1 1
b30d2aef985f_image,none 0.17364119738340375 0 0 1 1
37bf83df1b86_image,none 0.17408241182565687 0 0 1 1
3dfa8d9f66f4_image,none 0.8029755294322967 0 0 1 1
375b61c5cc94_image,none 0.17042190581560135 0 0 1 1
f6ba3df9a8be_image,none 0.9355532765388488 0 0 1 1
75b2c9f1f232_image,none 0.17140363156795502 0 0 1 1
28b8c44feeb7_image,none 0.4077918708324432 0 0 1 1
681766974456_image,none 0.9799967348575592 0 0 1 1
f900aac4111b_image,none 0.9277558922767639 0 0 1 1
f99f9714b911_image,none 0.17101454138755798 0 0 1 1
2c1c4ab77d52_image,none 0.36210870444774623 0 0 1 1
604bd55c21c6_image,none 0.25323294848203654 0 0 1 1
fbb175d04c3b_image,none 0.9247524976730346 0 0 1 1
82589da89e95_image,none 0.5031738549470901 0 0 1 1
802b634297a0_image,none 0.2801830634474754 0 0 1 1
1b4cf5e0fbe0_image,none 0.8071911454200744 0 0 1 1
c4cea0fb5e7d_image,none 0.83248233795166 0 0 1 1
ef25824e7b3a_image,none 0.36820233166217803 0 0 1 1
a5f2fd8c90cf_image,none 0.9796130001544952 0 0 1 1
6ea59a2ee627_image,none 0.7181549787521362 0 0 1 1
471f3f81a718_image,none 0.9416657388210297 0 0 1 1
de0cf08fcad0_image,none 0.7024062514305114 0 0 1 1
337662fe44ef_image,none 0.6808333277702331 0 0 1 1
773998cb3cbe_image,none 0.9954862415790557 0 0 1 1
574b38d8f6ee_image,none 0.1758554607629776 0 0 1 1
fbc094e9276f_image,none 0.9613721013069152 0 0 1 1
3bf0dc73f1fe_image,none 0.8445143222808837 0 0 1 1
12fbfd355d88_image,none 0.5762722492218018 0 0 1 1
8857adac8318_image,none 0.34078798890113826 0 0 1 1
4e126f476f86_image,none 0.14335905462503432 0 0 1 1
44b12000b7bf_image,none 0.8996306478977203 0 0 1 1
a27f34f4faa2_image,none 0.887874174118042 0 0 1 1
731b94c566ef_image,none 0.5035590350627899 0 0 1 1
fb1e3b68864d_image,none 0.31164512932300564 0 0 1 1
d4a4dc17bb61_image,none 0.2942560106515884 0 0 1 1
e9a3b9253cd3_image,none 0.42026098668575285 0 0 1 1
dcf6740dbc49_image,none 0.33922753930091853 0 0 1 1
2fd67e10bfe7_image,none 0.15845074653625485 0 0 1 1
4855b78e0df2_image,none 0.8836234271526335 0 0 1 1
11dbf622932a_image,none 0.9654856264591216 0 0 1 1
2ae9c4c6566f_image,none 0.38763023018836973 0 0 1 1
cf0bf9859b12_image,none 0.21187245547771455 0 0 1 1
5a73ab51749e_image,none 0.7707847654819489 0 0 1 1
cc2c3a3d2f4b_image,none 0.2610444948077202 0 0 1 1
a2bc78e322a8_image,none 0.9437204599380493 0 0 1 1
2a2f54eb48df_image,none 0.9801374197006225 0 0 1 1
5badf765648c_image,none 0.9052764058113097 0 0 1 1
95691f6666a0_image,none 0.8741260588169097 0 0 1 1
5fba37ac7937_image,none 0.370520880818367 0 0 1 1
57879f49e8a7_image,none 0.9710288524627686 0 0 1 1
b138b32605b0_image,none 0.902477467060089 0 0 1 1
ca107bb3a592_image,none 0.25627232193946836 0 0 1 1
e49489fcf5c0_image,none 0.251361072063446 0 0 1 1
b3c8408f4064_image,none 0.8023273944854736 0 0 1 1
ecb545d2ff15_image,none 0.8092999935150146 0 0 1 1
30b1c089724e_image,none 0.3130175471305847 0 0 1 1
8262b27852b3_image,none 0.14428169429302215 0 0 1 1
5b75a1de503b_image,none 0.15450513064861296 0 0 1 1
bc72a19f5d87_image,none 0.949857610464096 0 0 1 1
ab15692269fc_image,none 0.9374497473239898 0 0 1 1
376d6d181b25_image,none 0.14291804060339924 0 0 1 1
5378fb58d2d1_image,none 0.26802626103162763 0 0 1 1
946a0aa2bb58_image,none 0.3709941565990448 0 0 1 1
1199fd9f2aba_image,none 0.8686314165592193 0 0 1 1
a459429226e0_image,none 0.35383332967758174 0 0 1 1
8bc924bcab6f_image,none 0.5875793933868407 0 0 1 1
d16be9684636_image,none 0.8079416513442993 0 0 1 1
80af9d802a16_image,none 0.9014205992221832 0 0 1 1
6f3931d7257e_image,none 0.9358065903186797 0 0 1 1
859cac874454_image,none 0.9441357553005219 0 0 1 1
6c45d9b8e386_image,none 0.48193779885768884 0 0 1 1
8c3864112d54_image,none 0.45137190520763393 0 0 1 1
767f10b9aab5_image,none 0.22943593263626094 0 0 1 1
7fb9c360a3a0_image,none 0.9422568738460539 0 0 1 1
3dcdfc352a06_image,none 0.919801914691925 0 0 1 1
609361f18122_image,none 0.355087548494339 0 0 1 1
978e985f0c70_image,none 0.9873766481876373 0 0 1 1
3be5852db61e_image,none 0.748866206407547 0 0 1 1
db1af486b119_image,none 0.9891252815723419 0 0 1 1
c6a555431645_image,none 0.17916062772274016 0 0 1 1
a4067adac314_image,none 0.9233712434768677 0 0 1 1
5232ab4c4671_image,none 0.663203901052475 0 0 1 1
18e043b70fda_image,none 0.5403633892536163 0 0 1 1
47ea205fd755_image,none 0.6187661290168762 0 0 1 1
603addd70746_image,none 0.3884833067655563 0 0 1 1
51ea4e1227bd_image,none 0.3360701113939285 0 0 1 1
ae9849096225_image,none 0.3656894326210022 0 0 1 1
8b6ebd55c8c8_image,none 0.24443072825670242 0 0 1 1
b9f9619f02ba_image,none 0.4058458894491195 0 0 1 1
a0f473f71878_image,none 0.22761380076408386 0 0 1 1
ede662a3de87_image,none 0.2242581605911255 0 0 1 1
5175b9a4a25e_image,none 0.5820271551609039 0 0 1 1
16237f3bc333_image,none 0.34108453094959257 0 0 1 1
4f7f40e478b1_image,none 0.32015573680400844 0 0 1 1
08992bd07010_image,none 0.3216810017824173 0 0 1 1
b69c808bc09b_image,none 0.6401475012302398 0 0 1 1
53c971120ab1_image,none 0.3636204093694686 0 0 1 1
3d4fb4320278_image,none 0.9394481420516967 0 0 1 1
b873cfe5cead_image,none 0.9783994078636169 0 0 1 1
ba0b49821b69_image,none 0.9019154548645019 0 0 1 1
114f7f3baedf_image,none 0.2981797397136688 0 0 1 1
82198019c4a4_image,none 0.25842769294977186 0 0 1 1
1b640a2839db_image,none 0.7689829766750336 0 0 1 1
d5911a060ee4_image,none 0.13388905003666876 0 0 1 1
4fff9ae1ff37_image,none 0.9596391916275024 0 0 1 1
e8cc6a2f117c_image,none 0.23747559189796447 0 0 1 1
93dd10a00c51_image,none 0.3628746122121811 0 0 1 1
bf30cc575dc9_image,none 0.4016489058732986 0 0 1 1
11541455ef19_image,none 0.21998189389705655 0 0 1 1
4905b651a091_image,none 0.8725157260894775 0 0 1 1
97998832742c_image,none 0.17816187143325804 0 0 1 1
95be2813ba36_image,none 0.1766703240573406 0 0 1 1
17e40efa4596_image,none 0.37001317441463466 0 0 1 1
198ffac65dac_image,none 0.8987886011600494 0 0 1 1
d5d3ededa34e_image,none 0.3060958176851272 0 0 1 1
6fd59d569aa1_image,none 0.8962761104106902 0 0 1 1
af31df978fe9_image,none 0.9863754391670227 0 0 1 1
6c42a41a6c6e_image,none 0.997154551744461 0 0 1 1
6eb71d191dec_image,none 0.9148476898670196 0 0 1 1
36500eabad2d_image,none 0.8262373447418212 0 0 1 1
05feea9719f5_image,none 0.41177006065845484 0 0 1 1
ad97e89134ca_image,none 0.32390092015266414 0 0 1 1
a489286e78c1_image,none 0.4583411991596221 0 0 1 1
1c1e9d3f5bab_image,none 0.9942765951156616 0 0 1 1
5e64da034f7a_image,none 0.2712212115526199 0 0 1 1
9d0f2c2645da_image,none 0.2712212115526199 0 0 1 1
ea9ee4d59c59_image,none 0.2712212115526199 0 0 1 1
8032d270ede6_image,none 0.8794819056987762 0 0 1 1
d2289e68cca1_image,none 0.3239117950201034 0 0 1 1
a24bc9ab2ea8_image,none 0.1968954801559448 0 0 1 1
e134e2ffdfaf_image,none 0.338196673989296 0 0 1 1
91a36aae8b27_image,none 0.9477835953235626 0 0 1 1
7d0b75feaa8a_image,none 0.8468393802642822 0 0 1 1
268d472480ec_image,none 0.15791860297322272 0 0 1 1
e3eeddbfba24_image,none 0.21118796169757842 0 0 1 1
1a4c378605f5_image,none 0.9919821023941039 0 0 1 1
bb6fc945fc18_image,none 0.5624889433383942 0 0 1 1
159cbf4e41e4_image,none 0.929323500394821 0 0 1 1
a591e663f4d8_image,none 0.3073862224817276 0 0 1 1
9f525be80c70_image,none 0.2867864280939102 0 0 1 1
a82ca8f37fb6_image,none 0.29952176660299296 0 0 1 1
ffc66893d9ea_image,none 0.7454255163669585 0 0 1 1
9883f5325492_image,none 0.2068117558956146 0 0 1 1
ad56b89a81c7_image,none 0.18877500295639038 0 0 1 1
da263425b379_image,none 0.878163081407547 0 0 1 1
070cbe2d3dbb_image,none 0.9099350571632385 0 0 1 1
d8b8ef2bcbf6_image,none 0.9260226309299469 0 0 1 1
14ec6bdb5641_image,none 0.587995433807373 0 0 1 1
6d66127d071d_image,none 0.7617934167385101 0 0 1 1
db15ead7ab00_image,none 0.9822306275367736 0 0 1 1
71dfba1a08de_image,none 0.5141252875328064 0 0 1 1
a22e6a0c0ec3_image,none 0.6937804490327835 0 0 1 1
b39bb8f504fb_image,none 0.2204632431268692 0 0 1 1
e5a860104190_image,none 0.9557556509971619 0 0 1 1
100316af8a36_image,none 0.5833653807640076 0 0 1 1
d6387e1c8161_image,none 0.5020181030035018 0 0 1 1
5c88a5fc55e7_image,none 0.26591633856296537 0 0 1 1
2743e121b370_image,none 0.987040114402771 0 0 1 1
cea591e99b8a_image,none 0.6745455682277679 0 0 1 1
3d639e7999a5_image,none 0.2760074332356453 0 0 1 1
aebc1d3a968d_image,none 0.4736775040626525 0 0 1 1
d0439f9e0dcd_image,none 0.8216010212898254 0 0 1 1
0be236941397_image,none 0.8216114997863768 0 0 1 1
d6809af17965_image,none 0.3573249489068985 0 0 1 1
4b0058c1f54e_image,none 0.3427155166864395 0 0 1 1
0a3a99612b28_image,none 0.1877155050635338 0 0 1 1
639f6bf3c727_image,none 0.9179429769515991 0 0 1 1
f554169c1277_image,none 0.17877747416496276 0 0 1 1
5a0de0207028_image,none 0.9272293031215667 0 0 1 1
5596c4063d58_image,none 0.9849459290504455 0 0 1 1
539931eced05_image,none 0.21036937832832336 0 0 1 1
c8538fe73673_image,none 0.19703235626220703 0 0 1 1
877b017a6d20_image,none 0.32837893962860104 0 0 1 1
7230f166720e_image,none 0.1774497300386429 0 0 1 1
4f1ad3374103_image,none 0.7785127460956573 0 0 1 1
41c26ea10186_image,none 0.9675347447395324 0 0 1 1
cfcbddf07c58_image,none 0.49507748186588285 0 0 1 1
11b60db4052a_image,none 0.9587503612041473 0 0 1 1
3d56a237b6be_image,none 0.5587813973426818 0 0 1 1
69ace2980660_image,none 0.6206193506717681 0 0 1 1
5e0e7acd9c7d_image,none 0.638626891374588 0 0 1 1
6ca497c845ef_image,none 0.3379214257001877 0 0 1 1
efcfaa82fcb8_image,none 0.9751004993915557 0 0 1 1
e92b08b5a77c_image,none 0.5983542442321776 0 0 1 1
ca7b91d018c7_image,none 0.20305062532424925 0 0 1 1
9f6cc74b0062_image,none 0.4946210235357284 0 0 1 1
5878b290f09a_image,none 0.354013842344284 0 0 1 1
fd435a3c012d_image,none 0.25209544003009793 0 0 1 1
bb1d9e39b848_image,none 0.18123038634657856 0 0 1 1
f2200b845e93_image,none 0.3281092494726181 0 0 1 1
0fedf74dc163_image,none 0.19953032582998273 0 0 1 1
7cc2f3d9b469_image,none 0.24186423569917676 0 0 1 1
386343f0df08_image,none 0.2017469897866249 0 0 1 1
f533f5259633_image,none 0.2824197649955749 0 0 1 1
4c2d931d0f33_image,none 0.1221334874629974 0 0 1 1
256f0960de75_image,none 0.48628062903881064 0 0 1 1
e5f1d33714e6_image,none 0.1779108181595802 0 0 1 1
c34113e0228a_image,none 0.301332351565361 0 0 1 1
1e1734034b0f_image,none 0.9576950430870055 0 0 1 1
0026720152f5_image,none 0.670031863451004 0 0 1 1
949b8bf1079a_image,none 0.24845760017633436 0 0 1 1
d69b4547fc69_image,none 0.813182532787323 0 0 1 1
ecdd379e2a9b_image,none 0.2940638273954391 0 0 1 1
b22a9e82f34e_image,none 0.9742335498332977 0 0 1 1
e2f83c4e9c79_image,none 0.516130018234253 0 0 1 1
0db323463d0a_image,none 0.8082447230815887 0 0 1 1
eff9f15c7e9b_image,none 0.3808689087629318 0 0 1 1
664250f0f623_image,none 0.20818480700254438 0 0 1 1
1aa1491c9cd1_image,none 0.9043814122676849 0 0 1 1
1093f305a358_image,none 0.49547024965286257 0 0 1 1
33087aa9853d_image,none 0.9272235035896301 0 0 1 1
eebfaa5e1a65_image,none 0.27946727722883224 0 0 1 1
83594e6ad0ba_image,none 0.4372957155108452 0 0 1 1
c0c89f864fda_image,none 0.9608571350574493 0 0 1 1
37034ce54151_image,none 0.6384366989135741 0 0 1 1
50537bcf4cc2_image,none 0.6315061032772064 0 0 1 1
5f65421ff6fd_image,none 0.9546078741550446 0 0 1 1
2ddefbb957e9_image,none 0.4750828027725219 0 0 1 1
160cfef3014f_image,none 0.4446414798498153 0 0 1 1
da3860170bad_image,none 0.4738633781671524 0 0 1 1
349d5e5d8690_image,none 0.8094925463199616 0 0 1 1
8d2c75ff8149_image,none 0.28860000967979427 0 0 1 1
3612ee150596_image,none 0.2857373684644699 0 0 1 1
0feac35cd28b_image,none 0.44139586687088006 0 0 1 1
51635cbfbe18_image,none 0.2582075268030166 0 0 1 1
0f50aabaa314_image,none 0.9561897337436676 0 0 1 1
b717534f157a_image,none 0.9097074568271637 0 0 1 1
d3b7a21b2ce2_image,none 0.929573929309845 0 0 1 1
39f8e38c9d43_image,none 0.2481217786669731 0 0 1 1
e730aa7fca0a_image,none 0.6512117624282836 0 0 1 1
be53bfb563b3_image,none 0.16069066077470778 0 0 1 1
1dccbb75ffba_image,none 0.7155727863311767 0 0 1 1
c7ef36caa2fa_image,none 0.6100236892700195 0 0 1 1
a29c5a68b07b_image,none 0.15234692394733426 0 0 1 1
ef661638c8c0_image,none 0.12466837018728255 0 0 1 1
776686ca2f1b_image,none 0.9789992034435272 0 0 1 1
7603bfc07ffd_image,none 0.3850735217332839 0 0 1 1
5dd9e477a6ee_image,none 0.21148490756750105 0 0 1 1
2a316bf62f59_image,none 0.43410218358039854 0 0 1 1
5dba2b3647b1_image,none 0.267167891561985 0 0 1 1
7169a450d1bf_image,none 0.5141493856906891 0 0 1 1
88b9ca325a4c_image,none 0.4088872015476226 0 0 1 1
b4a7026fe17c_image,none 0.8312969684600829 0 0 1 1
ee580bf07fa1_image,none 0.962021106481552 0 0 1 1
c788095df8f2_image,none 0.283454991877079 0 0 1 1
d764b622b4b5_image,none 0.19820004105567932 0 0 1 1
699fc1ec26f9_image,none 0.2889413073658943 0 0 1 1
ac634dd7e884_image,none 0.9202581524848937 0 0 1 1
7230234e120a_image,none 0.24864415526390077 0 0 1 1
6be63db536d7_image,none 0.190386351943016 0 0 1 1
4c3dbddfc294_image,none 0.8082088589668274 0 0 1 1
65045f5ef280_image,none 0.9181412220001219 0 0 1 1
2fca6fe9c1ba_image,none 0.7175039827823638 0 0 1 1
b708990b8e03_image,none 0.16335952728986738 0 0 1 1
6fd7971538df_image,none 0.9797383010387419 0 0 1 1
84d25a1cef94_image,none 0.9746299624443053 0 0 1 1
374e1b87d7b8_image,none 0.20189891904592513 0 0 1 1
087f2e308700_image,none 0.799181056022644 0 0 1 1
9951f793880c_image,none 0.3205971762537956 0 0 1 1
c955b7274092_image,none 0.9644750416278839 0 0 1 1
be4b4301c5e4_image,none 0.2028149157762527 0 0 1 1
6828795ea830_image,none 0.22880731299519536 0 0 1 1
89426c0c18a8_image,none 0.927628469467163 0 0 1 1
2be224a00fac_image,none 0.2078343331813812 0 0 1 1
18e6a4083920_image,none 0.9774022221565246 0 0 1 1
21ab319a926c_image,none 0.6188860714435577 0 0 1 1
3730eb76afba_image,none 0.36222922205924984 0 0 1 1
8ad2e769d2b0_image,none 0.9080441772937774 0 0 1 1
d0de673a7b63_image,none 0.2821338504552841 0 0 1 1
cdd9c6e8d821_image,none 0.867529684305191 0 0 1 1
503a6e0884c6_image,none 0.3762364000082016 0 0 1 1
4fe79f658041_image,none 0.9269389986991883 0 0 1 1
fc45a3b144a7_image,none 0.34166285321116446 0 0 1 1
25d33047633c_image,none 0.17082804366946217 0 0 1 1
3d47cc325262_image,none 0.9894858658313751 0 0 1 1
1ed201489300_image,none 0.6545949518680572 0 0 1 1
5c4c752c1e46_image,none 0.8827535688877105 0 0 1 1
af13d77fc159_image,none 0.13455894887447356 0 0 1 1
2b59777ebc31_image,none 0.18287427723407743 0 0 1 1
3b7ae6879147_image,none 0.9866382956504821 0 0 1 1
4fc12ae446a8_image,none 0.1665040649473667 0 0 1 1
2a2019322d8e_image,none 0.6224092960357666 0 0 1 1
de56c2d5b778_image,none 0.9742399394512176 0 0 1 1
9d2e46f17c72_image,none 0.8676383197307587 0 0 1 1
1e9b7b493e47_image,none 0.361551621556282 0 0 1 1
9f10e1534e81_image,none 0.9572287559509277 0 0 1 1
6de46911f968_image,none 0.9001001179218292 0 0 1 1
f90deb13b3e2_image,none 0.22776409387588498 0 0 1 1
2565c5ccfba1_image,none 0.33274246454238887 0 0 1 1
6dea3c3d1efa_image,none 0.43465987741947165 0 0 1 1
ddd7ad8b0c41_image,none 0.1289279706776142 0 0 1 1
1eae0890a6ad_image,none 0.26082611829042435 0 0 1 1
3247432330d8_image,none 0.6306997179985045 0 0 1 1
7c95cf673952_image,none 0.1718416072428226 0 0 1 1
00fc8fc35dc1_image,none 0.18650591522455212 0 0 1 1
82b36d045a12_image,none 0.4428648501634598 0 0 1 1
130aa9d3716d_image,none 0.29035278856754304 0 0 1 1
f2038cb67c83_image,none 0.13100083544850347 0 0 1 1
0f147ee4a61b_image,none 0.48078628480434416 0 0 1 1
572d5c14fc66_image,none 0.20495101660490034 0 0 1 1
8727f101e9f6_image,none 0.9580591082572937 0 0 1 1
28d0fa664e61_image,none 0.18900058716535567 0 0 1 1
509c535a3dc1_image,none 0.34431084990501404 0 0 1 1
4bf0dc7bae40_image,none 0.39007641673088067 0 0 1 1
262f3525e16a_image,none 0.14221928417682647 0 0 1 1
d1a0f21a848f_image,none 0.14209358170628547 0 0 1 1
f58258eeaa42_image,none 0.5300868093967438 0 0 1 1
16d5b63ac279_image,none 0.5589570164680481 0 0 1 1
435bc0fcb0ab_image,none 0.8936814069747925 0 0 1 1
accc3b15a2d4_image,none 0.26614332795143125 0 0 1 1
064b37b01cd2_image,none 0.6776437401771545 0 0 1 1
5c90beaa5c48_image,none 0.18208897039294242 0 0 1 1
59911e31f963_image,none 0.16595587655901906 0 0 1 1
a840d15a7cdc_image,none 0.16970463916659356 0 0 1 1
d8e2ec854be4_image,none 0.16344234272837638 0 0 1 1
dba0caa176ce_image,none 0.3981176421046257 0 0 1 1
41c25ec8c44c_image,none 0.4759509533643722 0 0 1 1
69d1134dccc6_image,none 0.9822395861148834 0 0 1 1
a67ef603134f_image,none 0.26756185591220855 0 0 1 1
120ce3e7cd73_image,none 0.8622517168521882 0 0 1 1
8c452e8e1278_image,none 0.16288665086030957 0 0 1 1
73eb8898d211_image,none 0.883089941740036 0 0 1 1
a706ebbc447a_image,none 0.1702442698180675 0 0 1 1
e23027c8bea6_image,none 0.7190693438053131 0 0 1 1
aba653aebd55_image,none 0.9193162024021149 0 0 1 1
09443dcb865f_image,none 0.9161734223365783 0 0 1 1
c5ac37cc6234_image,none 0.955531233549118 0 0 1 1
9b8610d78de1_image,none 0.35995554327964774 0 0 1 1
f31bb833e467_image,none 0.23632201850414275 0 0 1 1
dee71f5c5b9c_image,none 0.18051279336214066 0 0 1 1
695e2c6dede4_image,none 0.93417529463768 0 0 1 1
8d6dea06a032_image,none 0.309726145863533 0 0 1 1
0d47ef3e87e4_image,none 0.42531539201736446 0 0 1 1
0bbb78f96f46_image,none 0.8441831171512604 0 0 1 1
dc0b4b3495c4_image,none 0.20925548374652864 0 0 1 1
86734b7cc20f_image,none 0.30852362513542175 0 0 1 1
a6a0ba6efa97_image,none 0.13739388585090634 0 0 1 1
53b0dc275cb0_image,none 0.20416262596845625 0 0 1 1
6b07294c7674_image,none 0.4907938778400421 0 0 1 1
d50e6d47864b_image,none 0.418577954173088 0 0 1 1
aa6b768d3161_image,none 0.15570750907063483 0 0 1 1
ea71a8b95d30_image,none 0.15570927038788795 0 0 1 1
cee98095dd28_image,none 0.4033354431390762 0 0 1 1
d1be32513936_image,none 0.4612057834863662 0 0 1 1
ac2562a40897_image,none 0.7036270737648009 0 0 1 1
9310ceec556a_image,none 0.47508321106433865 0 0 1 1
55f69f03ee2f_image,none 0.5353486061096191 0 0 1 1
92c25d90d0a8_image,none 0.48389257788658135 0 0 1 1
8927235865c9_image,none 0.3766551405191422 0 0 1 1
51d2f37f3f60_image,none 0.6215060353279114 0 0 1 1
1b40a20045ee_image,none 0.9769711852073668 0 0 1 1
19e9733ee506_image,none 0.5827528476715087 0 0 1 1
ec563919514c_image,none 0.8525857031345367 0 0 1 1
9c297e900f67_image,none 0.4467891067266464 0 0 1 1
f785f9c6bbf7_image,none 0.23078601509332655 0 0 1 1
275513358c80_image,none 0.7914152264595031 0 0 1 1
cf292f843e25_image,none 0.36562008857727046 0 0 1 1
cad5ad977e21_image,none 0.87649227976799 0 0 1 1
e59126042b0e_image,none 0.24468135386705397 0 0 1 1
07eb8cf8958a_image,none 0.7096101105213165 0 0 1 1
1f927318863d_image,none 0.6483822345733642 0 0 1 1
5592c8778ae2_image,none 0.9406064987182616 0 0 1 1
bef0837ba654_image,none 0.8752645730972289 0 0 1 1
158cc858a485_image,none 0.17894030809402464 0 0 1 1
8829d22c3e2b_image,none 0.36280964016914363 0 0 1 1
98118511c57b_image,none 0.2841701120138168 0 0 1 1
4c4737c3e3f8_image,none 0.9608410656452178 0 0 1 1
040d0765b661_image,none 0.9231200098991393 0 0 1 1
649b529933d6_image,none 0.28420793265104294 0 0 1 1
ae9c9f0b03da_image,none 0.28469246029853823 0 0 1 1
d6c2f07ca4ba_image,none 0.3755108445882797 0 0 1 1
9aa2c2119c43_image,none 0.6937017679214477 0 0 1 1
37cbf79c6de0_image,none 0.7030082821846008 0 0 1 1
b1c455a826eb_image,none 0.6563688278198242 0 0 1 1
fbf51388c4ff_image,none 0.9807544827461243 0 0 1 1
f625309a6d62_image,none 0.8591310083866118 0 0 1 1
fbdb5bff26f2_image,none 0.2692180037498474 0 0 1 1
6a0889223a38_image,none 0.9215534269809722 0 0 1 1
d62e3d8adae9_image,none 0.2972233518958092 0 0 1 1
904324209389_image,none 0.8696603536605834 0 0 1 1
fe97de4edad5_image,none 0.9643261909484864 0 0 1 1
1078af8ac3b7_image,none 0.8774562656879425 0 0 1 1
405d774f17d5_image,none 0.8176639139652252 0 0 1 1
b09b20b44640_image,none 0.9176711320877075 0 0 1 1
61505043bc32_image,none 0.7257839262485504 0 0 1 1
d25061b50086_image,none 0.24266438037157056 0 0 1 1
05a70a1c16c1_image,none 0.2448523536324501 0 0 1 1
95b2cd351ef0_image,none 0.9631322383880614 0 0 1 1
866f58f2ff1f_image,none 0.7763465404510497 0 0 1 1
c75d657e8065_image,none 0.7237913727760314 0 0 1 1
5aa20bb0feb2_image,none 0.9307865440845489 0 0 1 1
2533fc9ec975_image,none 0.9911211252212524 0 0 1 1
e8d690e0d67d_image,none 0.3469813525676727 0 0 1 1
047ba804182b_image,none 0.8544330716133117 0 0 1 1
2e4e44dfe103_image,none 0.5706020236015319 0 0 1 1
1ade3b5d0699_image,none 0.16813265755772588 0 0 1 1
1d9a8f9f0eef_image,none 0.2330388531088829 0 0 1 1
35271bec39b5_image,none 0.39655010402202606 0 0 1 1
551957feafcc_image,none 0.4496002346277237 0 0 1 1
8b7e42d19053_image,none 0.18564061671495435 0 0 1 1
52168ec4f7c5_image,none 0.4583291351795196 0 0 1 1
3550632514dc_image,none 0.23610644191503521 0 0 1 1
96e1e1cf5431_image,none 0.20115297883749006 0 0 1 1
6a99f80ffa1b_image,none 0.4675090551376342 0 0 1 1
f49845505871_image,none 0.20820166021585462 0 0 1 1
04396dd5af2f_image,none 0.20415386408567426 0 0 1 1
e036a057d0cf_image,none 0.6684394657611846 0 0 1 1
3f8195c5362d_image,none 0.9072262167930603 0 0 1 1
290d07d7480f_image,none 0.4658744245767593 0 0 1 1
b5f9a65597f2_image,none 0.42891740798950195 0 0 1 1
d6af3acc4ce6_image,none 0.7812926709651946 0 0 1 1
4810ae5dbc08_image,none 0.383015301823616 0 0 1 1
dbae9b9b9500_image,none 0.9229592025279998 0 0 1 1
a1883aeaa8f0_image,none 0.5419437348842621 0 0 1 1
6746a1932779_image,none 0.5578375875949859 0 0 1 1
4d1bf3193a0c_image,none 0.8869301497936248 0 0 1 1
6cc1f1900818_image,none 0.7866321563720703 0 0 1 1
b16a04496b57_image,none 0.23071124106645585 0 0 1 1
2f9ccb6faa68_image,none 0.9802146673202514 0 0 1 1
236d240402cd_image,none 0.22502458989620205 0 0 1 1
49fb3141efe3_image,none 0.1566271372139454 0 0 1 1
6bce1f945580_image,none 0.6237172365188598 0 0 1 1
8fbc90b33f87_image,none 0.177082085609436 0 0 1 1
e19d8286b13b_image,none 0.15049928352236747 0 0 1 1
34b713a5bb1d_image,none 0.3257267147302627 0 0 1 1
d706eea1b70c_image,none 0.9870585024356842 0 0 1 1
c3d79bd7e833_image,none 0.3095627814531326 0 0 1 1
ed74d42fc445_image,none 0.22820751518011093 0 0 1 1
222601cefe1b_image,none 0.40796012580394736 0 0 1 1
acc3e6eff7c8_image,none 0.5899257898330688 0 0 1 1
81ca75341b65_image,none 0.511117547750473 0 0 1 1
5c9f41283e7c_image,none 0.6517305135726928 0 0 1 1
49e9379c42dc_image,none 0.17586904168128967 0 0 1 1
275c11b52bec_image,none 0.9263158798217772 0 0 1 1
bea59325e32c_image,none 0.8227251052856445 0 0 1 1
b5b53f0a4947_image,none 0.36897495985031126 0 0 1 1
9b7cee40d0a7_image,none 0.13257950916886327 0 0 1 1
0f01c0517022_image,none 0.16857406646013257 0 0 1 1
8b354d4a216f_image,none 0.2260936602950096 0 0 1 1
3a81bc9c91c9_image,none 0.7753830969333648 0 0 1 1
ced40f593496_image,none 0.9063174486160278 0 0 1 1
c8ebcc491f27_image,none 0.9662557363510131 0 0 1 1
34270243e572_image,none 0.9577365159988402 0 0 1 1
d09b2158a7c3_image,none 0.722496610879898 0 0 1 1
6c4cdd180e0d_image,none 0.6553977966308594 0 0 1 1
a3d2fd5ef626_image,none 0.9378752887248992 0 0 1 1
9603112b4c2e_image,none 0.298301813006401 0 0 1 1
0718c860f2ee_image,none 0.9722151935100556 0 0 1 1
b3d87adb933b_image,none 0.2856062978506088 0 0 1 1
4eceeddd00ca_image,none 0.28057605028152466 0 0 1 1
c614d8c2e47e_image,none 0.40821054279804225 0 0 1 1
c0f5131b1c99_image,none 0.21573882848024367 0 0 1 1
6ca7b75a4796_image,none 0.8117625534534454 0 0 1 1
bb6f8089e6df_image,none 0.2531071126461029 0 0 1 1
25e11b9fb687_image,none 0.25990515351295473 0 0 1 1
dfb6a487e854_image,none 0.23665305376052856 0 0 1 1
a52729755130_image,none 0.3348844200372696 0 0 1 1
7f30a3c92da5_image,none 0.357258266210556 0 0 1 1
1f737bcf6fe9_image,none 0.2865377515554428 0 0 1 1
50243b2cdb56_image,none 0.6710808753967286 0 0 1 1
5ac874337f82_image,none 0.43604717552661887 0 0 1 1
af7d1bd1d629_image,none 0.9094879388809203 0 0 1 1
c81d1d4a4d70_image,none 0.900898116827011 0 0 1 1
d3d02532e1cf_image,none 0.18171392902731892 0 0 1 1
cf2bb9880db5_image,none 0.4515544772148132 0 0 1 1
df829b7602ce_image,none 0.9872098505496978 0 0 1 1
ebaebf6b1e02_image,none 0.21557729467749595 0 0 1 1
eb632adfa113_image,none 0.6415583848953246 0 0 1 1
340c9cf3b19a_image,none 0.5876351058483124 0 0 1 1
4ece84b1cfb8_image,none 0.31873314678668974 0 0 1 1
2a1dae5f6b5f_image,none 0.9730381071567535 0 0 1 1
b576b0f1eeac_image,none 0.687125563621521 0 0 1 1
eb4d5d8af5a5_image,none 0.9467516541481018 0 0 1 1
ce34bdbe98b5_image,none 0.7819141507148741 0 0 1 1
7c77f9aa3a25_image,none 0.8100363671779631 0 0 1 1
cb75251076c7_image,none 0.5323718309402465 0 0 1 1
fd65cc14da23_image,none 0.14787452593445777 0 0 1 1
c6fa6b9b8093_image,none 0.7358168005943297 0 0 1 1
e5e44940be7a_image,none 0.7358168005943297 0 0 1 1
3a2aa71a792e_image,none 0.8383503735065461 0 0 1 1
a269f69b335e_image,none 0.8566523790359496 0 0 1 1
63173909bed5_image,none 0.1506491236388683 0 0 1 1
977a20a10137_image,none 0.5365957111120223 0 0 1 1
d8407edd456b_image,none 0.30795250236988064 0 0 1 1
13a28f6783b2_image,none 0.19615385010838507 0 0 1 1
1a330ec81ee3_image,none 0.16747782602906228 0 0 1 1
1ce9abb861b6_image,none 0.5118736118078232 0 0 1 1
957550f711ee_image,none 0.7814931094646453 0 0 1 1
eeff73683974_image,none 0.8690718948841094 0 0 1 1
9e525f16490a_image,none 0.5618034690618514 0 0 1 1
5eb97e03c468_image,none 0.6127184450626373 0 0 1 1
7a31d8763221_image,none 0.18515373617410658 0 0 1 1
0af6a45668be_image,none 0.6591221451759338 0 0 1 1
12ae063a0dda_image,none 0.32624494731426235 0 0 1 1
d916d2169020_image,none 0.4466634154319763 0 0 1 1
520a1a7b039b_image,none 0.5395199835300445 0 0 1 1
2ba135370ac3_image,none 0.36103717684745784 0 0 1 1
dded54f9de15_image,none 0.9877535223960876 0 0 1 1
0d50bce86451_image,none 0.1812566265463829 0 0 1 1
ea1c164158da_image,none 0.5244224160909652 0 0 1 1
b83b916b6714_image,none 0.4841601192951202 0 0 1 1
26454c05ce6e_image,none 0.4655959635972976 0 0 1 1
797fe7acf67b_image,none 0.21956352740526197 0 0 1 1
06abdb2562ce_image,none 0.4913618206977844 0 0 1 1
4d7b06512cc1_image,none 0.5056297600269317 0 0 1 1
eb3fe9eb8e39_image,none 0.6968806505203247 0 0 1 1
60f94703051a_image,none 0.9812773287296295 0 0 1 1
0c4d32f6b806_image,none 0.5227497696876525 0 0 1 1
f87f1ab5729e_image,none 0.48856978416442864 0 0 1 1
4e01dd0a5fdf_image,none 0.1919176876544952 0 0 1 1
1c9c9f68941e_image,none 0.7059142172336578 0 0 1 1
042979d394a1_image,none 0.5827429294586182 0 0 1 1
7035dc2026f0_image,none 0.21201022863388058 0 0 1 1
7205313f062a_image,none 0.9716949343681335 0 0 1 1
c0a746ef9f9f_image,none 0.17020312026143072 0 0 1 1
bf8e59f80d5c_image,none 0.14659826159477235 0 0 1 1
84dd9eff2ecf_image,none 0.9254676163196563 0 0 1 1
2a31b1526915_image,none 0.6276907503604889 0 0 1 1
3ed35204df56_image,none 0.8029704153537749 0 0 1 1
a74e51891aa8_image,none 0.27842921465635295 0 0 1 1
f39044d6c511_image,none 0.7469153940677642 0 0 1 1
b3e31b3aeba4_image,none 0.4387054085731506 0 0 1 1
5b12f6b2c93e_image,none 0.508586984872818 0 0 1 1
9a1185f5ff34_image,none 0.33653523623943327 0 0 1 1
82e1a7088c64_image,none 0.6002686440944671 0 0 1 1
9bce1b51617d_image,none 0.9397152662277222 0 0 1 1
817301ec71da_image,none 0.6870129704475402 0 0 1 1
eaad41dd9fe3_image,none 0.1670916564762592 0 0 1 1
7b0e22a045ef_image,none 0.5442159235477447 0 0 1 1
2bc3736cc7bf_image,none 0.19963751509785652 0 0 1 1
d91b58caa74d_image,none 0.2548251010477543 0 0 1 1
818065156194_image,none 0.29533581286668775 0 0 1 1
5c8c441a0650_image,none 0.8680839002132414 0 0 1 1
d0b546b42023_image,none 0.4135450810194015 0 0 1 1
046b1edf6801_image,none 0.9859469592571257 0 0 1 1
9f526498d12b_image,none 0.6549015223979949 0 0 1 1
05435da60872_image,none 0.32395892441272733 0 0 1 1
82d09edcbfc4_image,none 0.7537556171417237 0 0 1 1
822b6007287e_image,none 0.9933027148246765 0 0 1 1
045c1e859dfa_image,none 0.8441607356071472 0 0 1 1
1c937e2b91a9_image,none 0.3597855299711227 0 0 1 1
eb9a9b9a0870_image,none 0.5554195046424866 0 0 1 1
1177e1bef164_image,none 0.29187859445810316 0 0 1 1
a522fd19d916_image,none 0.23453724086284636 0 0 1 1
714c44f479b0_image,none 0.43709582388401025 0 0 1 1
beb51e05dbc5_image,none 0.9082369506359099 0 0 1 1
3a20fde98cdc_image,none 0.7465219497680664 0 0 1 1
c5d9340b49ee_image,none 0.9046024262905121 0 0 1 1
e3179eb2ff82_image,none 0.8291804909706115 0 0 1 1
8be9683b4acc_image,none 0.38879915773868556 0 0 1 1
849c83d5af12_image,none 0.3082980930805206 0 0 1 1
f97bf716e365_image,none 0.8318411648273467 0 0 1 1
ba2d7962e757_image,none 0.35235412418842316 0 0 1 1
961a766a5511_image,none 0.38881016075611113 0 0 1 1
5af15b21333b_image,none 0.15348805487155912 0 0 1 1
80e7a6e59bde_image,none 0.6888103276491164 0 0 1 1
b7eb3f96fb93_image,none 0.15727377533912656 0 0 1 1
9eb5cb68d2ca_image,none 0.983011770248413 0 0 1 1
a8217ee2d2a0_image,none 0.25918115377426143 0 0 1 1
d866b471de43_image,none 0.9641019225120544 0 0 1 1
ffb8115a304c_image,none 0.5746626198291778 0 0 1 1
2aaab6a41f1a_image,none 0.7249415159225463 0 0 1 1
1450e124011a_image,none 0.912071132659912 0 0 1 1
875cf71bd22a_image,none 0.4818455010652542 0 0 1 1
aee5e3feb1a2_image,none 0.23875221312046047 0 0 1 1
5fbec0b4056c_image,none 0.1266912497580051 0 0 1 1
c47fc2a4baaf_image,none 0.9855179846286772 0 0 1 1
eeeb7da65659_image,none 0.6861701011657715 0 0 1 1
78adeeaa636c_image,none 0.31947438120841976 0 0 1 1
e85bb0bcca1f_image,none 0.8442775189876556 0 0 1 1
b854ff324fbb_image,none 0.15893201529979706 0 0 1 1
9998acc77910_image,none 0.2597063839435577 0 0 1 1
4acbd31eafd5_image,none 0.9802447259426117 0 0 1 1
82c5cf0b451c_image,none 0.34122901558876034 0 0 1 1
95a69615f643_image,none 0.4566063165664673 0 0 1 1
ccb685c76038_image,none 0.6342053949832915 0 0 1 1
05e168e0d636_image,none 0.9827309846878052 0 0 1 1
b93887026df6_image,none 0.6839592039585113 0 0 1 1
f78ec02bc8d8_image,none 0.6463458359241485 0 0 1 1
3f1439b85338_image,none 0.2290102139115333 0 0 1 1
f1774ffc9c4b_image,none 0.1516809307038784 0 0 1 1
858667501a67_image,none 0.381696730852127 0 0 1 1
26f55b8a7a94_image,none 0.20514524728059766 0 0 1 1
df937504e546_image,none 0.7355449974536895 0 0 1 1
129846482a83_image,none 0.7264932215213775 0 0 1 1
fcc09eaa77c4_image,none 0.6611832857131957 0 0 1 1
b150add375b5_image,none 0.3100048720836639 0 0 1 1
781a92a65529_image,none 0.621875262260437 0 0 1 1
11abda231924_image,none 0.7806254386901854 0 0 1 1
7750ed45ff97_image,none 0.1712921753525734 0 0 1 1
11f8052288c7_image,none 0.17648724764585494 0 0 1 1
e61e420938b6_image,none 0.5023175597190856 0 0 1 1
e8d801584d89_image,none 0.7862582683563232 0 0 1 1
5fbc3a77d700_image,none 0.19092071652412412 0 0 1 1
789ef0f544c3_image,none 0.15243406444787977 0 0 1 1
d0d3d60f8914_image,none 0.5307958334684371 0 0 1 1
949ea39318e2_image,none 0.21565981060266493 0 0 1 1
0cccb1eca1fc_image,none 0.6414233088493346 0 0 1 1
223115cbf342_image,none 0.8127645015716551 0 0 1 1
b7ec5afe1084_image,none 0.15683117434382438 0 0 1 1
1fb5ca50e8d3_image,none 0.6118794441223144 0 0 1 1
51cbf7662bee_image,none 0.5968055069446563 0 0 1 1
dea7079400f8_image,none 0.5363452285528183 0 0 1 1
8e4fd6198ae9_image,none 0.9710415780544281 0 0 1 1
beeb1db9f010_image,none 0.8140299618244171 0 0 1 1
271bea69026c_image,none 0.3523791581392288 0 0 1 1
53316aefede6_image,none 0.2951442196965217 0 0 1 1
ee27ca277911_image,none 0.509258633852005 0 0 1 1
47a976677416_image,none 0.19642717093229295 0 0 1 1
a8de2b8aae69_image,none 0.4833117514848709 0 0 1 1
b96333d66af7_image,none 0.20065031498670577 0 0 1 1
7e3c0527ddb7_image,none 0.2194641202688217 0 0 1 1
91558723b2cd_image,none 0.33130413889884947 0 0 1 1
3b1dcd10fa0e_image,none 0.9938672661781309 0 0 1 1
56414fb3f177_image,none 0.14195611663162708 0 0 1 1
fe508ca896d7_image,none 0.8234687685966491 0 0 1 1
2d6a4bc38540_image,none 0.36617499589920044 0 0 1 1
50c0e40fd929_image,none 0.21710035353899 0 0 1 1
b5a75701a05e_image,none 0.9863698482513427 0 0 1 1
ebcc9bedfa05_image,none 0.4116266906261444 0 0 1 1
e8b4525ec41f_image,none 0.951931869983673 0 0 1 1
01c3512eebc3_image,none 0.9736493706703185 0 0 1 1
7529a3e9745b_image,none 0.19020136073231697 0 0 1 1
b37ae8cb220b_image,none 0.5818147182464599 0 0 1 1
db4cecc08fe8_image,none 0.8433208227157593 0 0 1 1
43e370c03cd2_image,none 0.5434762597084045 0 0 1 1
e1635f289c95_image,none 0.5195786356925964 0 0 1 1
82af7f7081d7_image,none 0.1706884764134884 0 0 1 1
633e41912f6e_image,none 0.15430333986878392 0 0 1 1
0e97cc4123aa_image,none 0.2893086194992065 0 0 1 1
36e1a455aafc_image,none 0.9287184774875641 0 0 1 1
b4eed879daf4_image,none 0.9813517451286315 0 0 1 1
1fba9eccac03_image,none 0.6281493544578551 0 0 1 1
b1115b344129_image,none 0.36919683814048765 0 0 1 1
7d68127f8818_image,none 0.9617811918258667 0 0 1 1
5765f6b4707d_image,none 0.611754822731018 0 0 1 1
17ac0fe388c7_image,none 0.9403096914291381 0 0 1 1
d997c6c6a9b4_image,none 0.26173107177019117 0 0 1 1
d4ffcfab21d4_image,none 0.6644574701786041 0 0 1 1
82eed39dfb6b_image,none 0.9668249905109405 0 0 1 1
1ba8aa7acf76_image,none 0.2793605268001556 0 0 1 1
4c0658c05a64_image,none 0.9787567734718321 0 0 1 1
eb5787b68520_image,none 0.9962076008319853 0 0 1 1
6ce67071aa0e_image,none 0.46177775561809536 0 0 1 1
363fbf00088c_image,none 0.937156593799591 0 0 1 1
23d8a619f39c_image,none 0.28085080683231356 0 0 1 1
dc6834a1efa6_image,none 0.4039219915866852 0 0 1 1
afc074e1bdb7_image,none 0.2293567433953285 0 0 1 1
409322480a9b_image,none 0.3987008303403854 0 0 1 1
d1e5994d79de_image,none 0.45566542744636535 0 0 1 1
84680684e418_image,none 0.6589325249195098 0 0 1 1
951211f8e1bb_image,none 0.7858341813087464 0 0 1 1
8f925628e0f2_image,none 0.1980485126376152 0 0 1 1
dfc5c09a50bc_image,none 0.5257300853729248 0 0 1 1
a492841dcf21_image,none 0.25347109884023666 0 0 1 1
208c4c416450_image,none 0.663017326593399 0 0 1 1
9850b5470fd6_image,none 0.36311850249767297 0 0 1 1
62eca401e981_image,none 0.7583416521549224 0 0 1 1
db9da8404d58_image,none 0.9647376775741576 0 0 1 1
b1e35564ea39_image,none 0.9762403428554534 0 0 1 1
b6e6bb7b58d1_image,none 0.905431580543518 0 0 1 1
36a2991ffe0e_image,none 0.647374939918518 0 0 1 1
9b934d581e5d_image,none 0.8736848294734955 0 0 1 1
0d617e83e527_image,none 0.7177171528339386 0 0 1 1
629ef3bd6a66_image,none 0.17623785659670826 0 0 1 1
8cf062b99674_image,none 0.6275894582271575 0 0 1 1
04f4a36c08a2_image,none 0.2939302504062652 0 0 1 1
50201fe80b1b_image,none 0.1631089709699154 0 0 1 1
59c4bfbf8b5b_image,none 0.7108700215816497 0 0 1 1
e226747a2d76_image,none 0.24275523275136948 0 0 1 1
95ed767a23e3_image,none 0.7853881120681763 0 0 1 1
bfaffdf740f5_image,none 0.9074807226657867 0 0 1 1
04720d7e4e42_image,none 0.273107248544693 0 0 1 1
11b8e5179115_image,none 0.7002793729305267 0 0 1 1
904141862f44_image,none 0.799770712852478 0 0 1 1
8f1894f52499_image,none 0.2902902856469154 0 0 1 1
03a778f5a68b_image,none 0.16329245939850806 0 0 1 1
7571cda597cb_image,none 0.3569739758968353 0 0 1 1
91e5e9e37c58_image,none 0.19977509826421735 0 0 1 1
e150241b43a4_image,none 0.19307259768247603 0 0 1 1
de1b8900bf84_image,none 0.1912681236863136 0 0 1 1
816bb3680b2a_image,none 0.7065513014793395 0 0 1 1
62fb484194fb_image,none 0.3168574810028076 0 0 1 1
35d6801ca10a_image,none 0.22094298303127285 0 0 1 1
5e8d99b9ab38_image,none 0.15346931368112565 0 0 1 1
5bab1b955f2a_image,none 0.8778949975967407 0 0 1 1
9b3eae4045c8_image,none 0.21822159886360168 0 0 1 1
144c27a2554a_image,none 0.9642752647399901 0 0 1 1
13c550e44b7c_image,none 0.941850733757019 0 0 1 1
d0e4465e3731_image,none 0.17482621669769288 0 0 1 1
b57e134bbaef_image,none 0.2922804623842239 0 0 1 1
d42cadfaac8f_image,none 0.5993812322616576 0 0 1 1
99978f106a39_image,none 0.8969912469387054 0 0 1 1
50dfcc0c2826_image,none 0.18194232583045958 0 0 1 1
af6abf791a39_image,none 0.8208878815174103 0 0 1 1
3e4b4468eca3_image,none 0.16621635854244232 0 0 1 1
fb073252b364_image,none 0.8663988232612609 0 0 1 1
2083ae742497_image,none 0.2032083675265312 0 0 1 1
6cc1a9065abb_image,none 0.20327582508325576 0 0 1 1
252552312a42_image,none 0.8453003287315368 0 0 1 1
7553bffc2232_image,none 0.9781532883644104 0 0 1 1
8887b33c4bb3_image,none 0.9723928332328795 0 0 1 1
59a0fc64bd20_image,none 0.4150538861751556 0 0 1 1
f02e557a36dc_image,none 0.4150538861751556 0 0 1 1
127c2b32dd5d_image,none 0.44442550539970394 0 0 1 1
97de5453f769_image,none 0.41719639897346494 0 0 1 1
318a1ecb6fc7_image,none 0.41719639897346494 0 0 1 1
8c6d6a69d5dd_image,none 0.4522778332233429 0 0 1 1
3b4ab121cbd4_image,none 0.4522778332233429 0 0 1 1
2e131066f152_image,none 0.9832754909992218 0 0 1 1
bcefb8e50563_image,none 0.6409898638725281 0 0 1 1
363dd47c8b10_image,none 0.36625808179378505 0 0 1 1
96780bd04f67_image,none 0.5786409676074982 0 0 1 1
731910f93559_image,none 0.5728140711784362 0 0 1 1
eaa1d528538f_image,none 0.39321452081203456 0 0 1 1
760acda93997_image,none 0.9354658722877502 0 0 1 1
d0e829b775fe_image,none 0.9831727683544158 0 0 1 1
440de3bfe05a_image,none 0.9667147278785705 0 0 1 1
55433651ec05_image,none 0.5916981875896453 0 0 1 1
a72e1270f4cd_image,none 0.28110427409410477 0 0 1 1
5699fc89704f_image,none 0.5059453994035721 0 0 1 1
aa55fc6c616c_image,none 0.8436386287212372 0 0 1 1
58bc298e0f9f_image,none 0.31051926910877226 0 0 1 1
5adf919e765a_image,none 0.5194376647472382 0 0 1 1
bb425c8a4aae_image,none 0.7261180281639098 0 0 1 1
5cb984539107_image,none 0.274688059091568 0 0 1 1
079be2a10982_image,none 0.9410401225090026 0 0 1 1
14db2ff155f6_image,none 0.701234084367752 0 0 1 1
56a3fb6663bf_image,none 0.34414047598838804 0 0 1 1
3a73591225ea_image,none 0.857900321483612 0 0 1 1
a2460d88071d_image,none 0.49566875398159027 0 0 1 1
c3ded8550e66_image,none 0.8377336621284485 0 0 1 1
cdcfbf2ca285_image,none 0.7132246553897856 0 0 1 1
303840f71bb5_image,none 0.12055180147290229 0 0 1 1
11349660bb1a_image,none 0.16379961892962455 0 0 1 1
94ddca484ebf_image,none 0.696769905090332 0 0 1 1
21d1f013892c_image,none 0.7674009680747985 0 0 1 1
3288907ddc51_image,none 0.8992262542247772 0 0 1 1
6e798a5025b7_image,none 0.8956978976726532 0 0 1 1
1d674718db40_image,none 0.17736777067184445 0 0 1 1
29c992128fbd_image,none 0.7526106059551239 0 0 1 1
b4d04b517ef8_image,none 0.7666558563709259 0 0 1 1
02eceb0fc405_image,none 0.5181911975145339 0 0 1 1
c43e88a44468_image,none 0.5462602019309997 0 0 1 1
1fcfc9845e81_image,none 0.9632635235786438 0 0 1 1
718676f11609_image,none 0.9378860414028167 0 0 1 1
35dd17ea3e6a_image,none 0.3276799529790878 0 0 1 1
e831bebfa015_image,none 0.37742359638214107 0 0 1 1
49c1b06028a1_image,none 0.27957935184240335 0 0 1 1
a2c0d74fda88_image,none 0.7603990435600281 0 0 1 1
9bc2041c6ac0_image,none 0.39566484987735745 0 0 1 1
8757ce9b582c_image,none 0.7360100030899047 0 0 1 1
0c81b34981b3_image,none 0.6735749423503876 0 0 1 1
f8ed7c6111f1_image,none 0.1539534747600555 0 0 1 1
ff5448be90d5_image,none 0.8926769495010376 0 0 1 1
1047ca1a704c_image,none 0.4876598238945007 0 0 1 1
cdc6e15cc1a6_image,none 0.1986335963010788 0 0 1 1
65a5d46ef968_image,none 0.3539037585258483 0 0 1 1
8b3366ec66d4_image,none 0.9416606247425079 0 0 1 1
a84c79aac3c0_image,none 0.3025887109339237 0 0 1 1
daf0bd7ba1b4_image,none 0.19947844520211216 0 0 1 1
620191dbdfa4_image,none 0.5380168437957763 0 0 1 1
81eb1b621a83_image,none 0.4344480603933334 0 0 1 1
d4f61c144f48_image,none 0.22472329139709468 0 0 1 1
f3f3ea70d5a7_image,none 0.4947193473577499 0 0 1 1
a88f38a36bb2_image,none 0.8026035845279693 0 0 1 1
d40d1b28e300_image,none 0.16122569292783734 0 0 1 1
fcdb115a918f_image,none 0.2078745201230049 0 0 1 1
1c47d2fcee72_image,none 0.8675058722496032 0 0 1 1
8b901c5f333a_image,none 0.4925952166318893 0 0 1 1
c0b95ee9cc9f_image,none 0.885621303319931 0 0 1 1
93ddd4e6eb4c_image,none 0.9288186609745025 0 0 1 1
66ca7bb52ab9_image,none 0.9613380372524262 0 0 1 1
458417ad6155_image,none 0.5284100204706191 0 0 1 1
5b27050cfb90_image,none 0.689041656255722 0 0 1 1
f1b66ff8f4eb_image,none 0.14664779305458064 0 0 1 1
5db9599cf9f7_image,none 0.19390691518783565 0 0 1 1
45bc12129df2_image,none 0.8070172369480133 0 0 1 1
acd735d74d02_image,none 0.6966505289077758 0 0 1 1
c00bae0e7714_image,none 0.8400206327438354 0 0 1 1
37811132dc96_image,none 0.7423111796379089 0 0 1 1
d88e65063aef_image,none 0.7642501652240754 0 0 1 1
7731db2caed2_image,none 0.13816964998841286 0 0 1 1
5fa584b8b4ad_image,none 0.32243856191635134 0 0 1 1
6758e5ed7742_image,none 0.5469053030014037 0 0 1 1
1b0d0622ccea_image,none 0.5283641099929809 0 0 1 1
c3d0378f8856_image,none 0.38907415568828585 0 0 1 1
d750be1736db_image,none 0.16140605732798574 0 0 1 1
bf5c7ef3b72a_image,none 0.1779486924409866 0 0 1 1
75a172588bc8_image,none 0.15866045504808426 0 0 1 1
b081d24bd60f_image,none 0.38192359209060667 0 0 1 1
64c64a317c96_image,none 0.19291118532419202 0 0 1 1
a6fae2436886_image,none 0.9553906738758087 0 0 1 1
71a354af0223_image,none 0.9726479649543762 0 0 1 1
27a4a0d2b7ec_image,none 0.37733924984931944 0 0 1 1
e2c038335c9a_image,none 0.8074038445949554 0 0 1 1
7e11aff74953_image,none 0.9569292485713958 0 0 1 1
ecebf3314fbd_image,none 0.9685388147830962 0 0 1 1
164dd63ae571_image,none 0.522959566116333 0 0 1 1
adb60ba82edf_image,none 0.1697995781898498 0 0 1 1
8180af690aef_image,none 0.44734748601913454 0 0 1 1
deb2db0a0efb_image,none 0.990082162618637 0 0 1 1
89128c0fa9f4_image,none 0.9885505139827728 0 0 1 1
2f8c1d151802_image,none 0.6568998575210571 0 0 1 1
acab76326ba1_image,none 0.17997988685965538 0 0 1 1
abee6a2d0bf5_image,none 0.3812218695878982 0 0 1 1
0a0c1312be06_image,none 0.7452277183532715 0 0 1 1
173c3e37e1f3_image,none 0.872079163789749 0 0 1 1
e7b2a9418b98_image,none 0.20442915707826614 0 0 1 1
be6bf80c7071_image,none 0.3946077972650528 0 0 1 1
faf630376fa9_image,none 0.3440955370664597 0 0 1 1
36ba388a18df_image,none 0.2564870849251747 0 0 1 1
54066d711ef9_image,none 0.7541301131248473 0 0 1 1
7ea12126a6e3_image,none 0.8108982503414154 0 0 1 1
e20cf732e8eb_image,none 0.8727688908576965 0 0 1 1
670989e56968_image,none 0.2445824116468429 0 0 1 1
b4b6e82b3dc9_image,none 0.4528160840272903 0 0 1 1
bca76008a759_image,none 0.2698169738054275 0 0 1 1
404d53460643_image,none 0.34332625269889827 0 0 1 1
37c6c0aee54b_image,none 0.11750799790024756 0 0 1 1
11b9ab3af3db_image,none 0.990634387731552 0 0 1 1
b362aec0b6c5_image,none 0.9352040469646454 0 0 1 1
d5a056bedf60_image,none 0.54649218916893 0 0 1 1
fe501aa91e43_image,none 0.2169194370508194 0 0 1 1
eaec01e48714_image,none 0.1184068143367767 0 0 1 1
fc332a1e51c9_image,none 0.7369742870330811 0 0 1 1
1c69c1af9a67_image,none 0.5509511739015579 0 0 1 1
25b281d5a9f3_image,none 0.1368493214249611 0 0 1 1
b74f81d65e79_image,none 0.456602531671524 0 0 1 1
05ab2c886dc1_image,none 0.9858877420425414 0 0 1 1
4f83ec489a15_image,none 0.34833525121212006 0 0 1 1
f3239829a8dc_image,none 0.2251981943845749 0 0 1 1
caa431721668_image,none 0.5563167452812194 0 0 1 1
7509f6912049_image,none 0.9837860107421874 0 0 1 1
c5a76564ef83_image,none 0.978090614080429 0 0 1 1
7a608ecc4868_image,none 0.21542544662952423 0 0 1 1
c22134ea64bc_image,none 0.8853904366493225 0 0 1 1
7bba27555fe4_image,none 0.33944694399833675 0 0 1 1
bbb202078733_image,none 0.18977095633745195 0 0 1 1
53b4af5b74d7_image,none 0.9704135060310363 0 0 1 1
a356db474991_image,none 0.7389229595661163 0 0 1 1
14eb73431579_image,none 0.9332849025726317 0 0 1 1
0dc27df9b1bf_image,none 0.7558231294155121 0 0 1 1
793167fdec10_image,none 0.32390210032463074 0 0 1 1
beb80bb88a6e_image,none 0.43407285213470453 0 0 1 1
26da12104c4d_image,none 0.8981453537940978 0 0 1 1
6707b082f3c9_image,none 0.21656268015503882 0 0 1 1
7bbafcdea0cc_image,none 0.41020512282848354 0 0 1 1
51d9dda5e493_image,none 0.9146768391132355 0 0 1 1
cca081560d98_image,none 0.41192374825477596 0 0 1 1
4ccb8a39c77a_image,none 0.6801712691783904 0 0 1 1
d35dc6f25249_image,none 0.3999734312295914 0 0 1 1
cd6acf7eecab_image,none 0.29489192664623254 0 0 1 1
17d708d24ae8_image,none 0.8335666000843047 0 0 1 1
71dc3bd13f18_image,none 0.17212696596980093 0 0 1 1
6be23f5c40f3_image,none 0.9453364729881286 0 0 1 1
96948f97f356_image,none 0.5603103399276733 0 0 1 1
fa0c84ee4577_image,none 0.18002452254295348 0 0 1 1
f91fbbfe4682_image,none 0.3932600796222686 0 0 1 1
f2d98750a22c_image,none 0.30968089103698726 0 0 1 1
ab0a95dee3b0_image,none 0.9681905210018157 0 0 1 1
89ee5be93326_image,none 0.5259394139051436 0 0 1 1
d7aaf0a52df3_image,none 0.5259394139051436 0 0 1 1
1aff7e4ed470_image,none 0.36856974065303805 0 0 1 1
895701fa488e_image,none 0.7899571657180786 0 0 1 1
abd45a0023eb_image,none 0.5543464064598084 0 0 1 1
e252ffbf487e_image,none 0.9530782341957091 0 0 1 1
fce43e07637a_image,none 0.19471153318881984 0 0 1 1
56b010725833_image,none 0.8565001308917999 0 0 1 1
fe2c1dc506e7_image,none 0.9883957266807555 0 0 1 1
f2be75ff15ba_image,none 0.5126487612724304 0 0 1 1
fe0cf147b965_image,none 0.9949143290519713 0 0 1 1
3b5f48db44cc_image,none 0.5980436444282531 0 0 1 1
022146012034_image,none 0.984781503677368 0 0 1 1
dc58aecf62e3_image,none 0.21258827745914458 0 0 1 1
413344e1032c_image,none 0.3987262040376663 0 0 1 1
64ea82b1343f_image,none 0.3968834161758423 0 0 1 1
6f423b9b0633_image,none 0.40114283263683315 0 0 1 1
1cbd87cb6bf9_image,none 0.9438283085823058 0 0 1 1
2de24d1c32bb_image,none 0.9170303881168366 0 0 1 1
c3afb9da2ebc_image,none 0.9680995941162109 0 0 1 1
04a083828fec_image,none 0.4830972135066986 0 0 1 1
897e2799654c_image,none 0.7485786974430083 0 0 1 1
cc495995f8f5_image,none 0.9649565756320952 0 0 1 1
08b12b305a50_image,none 0.20893315672874452 0 0 1 1
ac238e67fdc5_image,none 0.5304680049419402 0 0 1 1
1c5aa8c405c7_image,none 0.4248522877693176 0 0 1 1
5a2b8c736aa3_image,none 0.5425697267055511 0 0 1 1
8ea54e20fd42_image,none 0.35483037233352654 0 0 1 1
a43200bd5ceb_image,none 0.47231154143810267 0 0 1 1
60197b6237e4_image,none 0.9924780428409576 0 0 1 1
d393233d1b40_image,none 0.932718515396118 0 0 1 1
88debce8e1c3_image,none 0.5572553277015686 0 0 1 1
dc5141a2316a_image,none 0.3777039766311645 0 0 1 1
fd322d964dc7_image,none 0.2538082152605057 0 0 1 1
88e9dabee5fc_image,none 0.9896124064922331 0 0 1 1
4d6c8e93e7c9_image,none 0.24208386391401288 0 0 1 1
1f49246b305e_image,none 0.8796533226966857 0 0 1 1
e95803934fc4_image,none 0.9555801451206207 0 0 1 1
70bee63a6740_image,none 0.20373102277517316 0 0 1 1
27d3da7a8e3d_image,none 0.6624812364578248 0 0 1 1
79e957055a36_image,none 0.4491660803556442 0 0 1 1
85b6452b47cc_image,none 0.3639170199632644 0 0 1 1
1ab561ec5f7e_image,none 0.20914142727851864 0 0 1 1
cede944b70a5_image,none 0.578123939037323 0 0 1 1
1dfed0992998_image,none 0.2613353654742241 0 0 1 1
6d3f777f0a8c_image,none 0.8675657629966735 0 0 1 1
04de800ea41a_image,none 0.5103606402873992 0 0 1 1
9c460da48071_image,none 0.9470136165618895 0 0 1 1
26102c3f4f0f_image,none 0.1740770451724529 0 0 1 1
e420d66bb7f8_image,none 0.43454509079456327 0 0 1 1
82da4f94ce03_image,none 0.3993189632892608 0 0 1 1
9cd592696284_image,none 0.7713998854160308 0 0 1 1
4d56b2fc668c_image,none 0.2133912906050682 0 0 1 1
69ffab5539ec_image,none 0.2696537524461746 0 0 1 1
03fa9d7e94a8_image,none 0.8308581113815307 0 0 1 1
07db3756ec28_image,none 0.14434823095798494 0 0 1 1
9271b6df7062_image,none 0.6101912915706634 0 0 1 1
955bf1edd532_image,none 0.9005437433719634 0 0 1 1
f016fe5579d7_image,none 0.5355388402938842 0 0 1 1
f07e4a04078a_image,none 0.6073151618242263 0 0 1 1
516e4adba012_image,none 0.9729850232601165 0 0 1 1
1137ee93363f_image,none 0.19898372441530227 0 0 1 1
ad98af65ad2a_image,none 0.211132475733757 0 0 1 1
059eae61ad15_image,none 0.5078678607940673 0 0 1 1
4c56fe85fa4f_image,none 0.7153823435306549 0 0 1 1
7d27573ab0c5_image,none 0.7029695391654968 0 0 1 1
33d456320f28_image,none 0.4178580105304718 0 0 1 1
ba0cf340582d_image,none 0.2893450960516929 0 0 1 1
65acc1fb99a3_image,none 0.8807593166828155 0 0 1 1
896d667947af_image,none 0.9369197309017181 0 0 1 1
6dd0cdbd225f_image,none 0.24300509095191952 0 0 1 1
251f897c9e10_image,none 0.2764231875538826 0 0 1 1
ebf5edbbed2d_image,none 0.2686696246266365 0 0 1 1
2955c5ce3f0f_image,none 0.8615009605884552 0 0 1 1
a37a362df0ac_image,none 0.9004118978977202 0 0 1 1
854f9f3e562f_image,none 0.5728434681892395 0 0 1 1
6a5a6eaef699_image,none 0.5262313067913056 0 0 1 1
edd69153435a_image,none 0.9116951704025268 0 0 1 1
da66593f5d16_image,none 0.4606768757104873 0 0 1 1
33e0c978d0da_image,none 0.34870910942554467 0 0 1 1
abe007e3fc08_image,none 0.7709957182407379 0 0 1 1
b92e6f1b6c1b_image,none 0.2408865809440613 0 0 1 1
948e9f366810_image,none 0.1258398704230785 0 0 1 1
3cccbd897c39_image,none 0.9777359366416931 0 0 1 1
3bb8935d30d9_image,none 0.5250110417604446 0 0 1 1
37d6750b5282_image,none 0.38023225665092464 0 0 1 1
67f192ad1a53_image,none 0.25746843665838237 0 0 1 1
7f090fbd8e7c_image,none 0.4667611241340637 0 0 1 1
898d24f3cda6_image,none 0.20011804178357123 0 0 1 1
a0f6e42396fc_image,none 0.3005071491003036 0 0 1 1
422c0e145066_image,none 0.8679296791553497 0 0 1 1
46719b856de1_image,none 0.8679296791553497 0 0 1 1
31c07523a69a_image,none 0.20553855895996093 0 0 1 1
f77d7d1aebab_image,none 0.9601735532283783 0 0 1 1
ccc5b63ca96d_image,none 0.4375975012779236 0 0 1 1
5e8ac1fe2b82_image,none 0.2771866679191589 0 0 1 1
